USE [CUAHANGDIENTHOAI_test]
GO
SET IDENTITY_INSERT [dbo].[tb_ProductCategory] ON 

INSERT [dbo].[tb_ProductCategory] ([ProductCategoryId], [Title], [Description], [Icon], [CreatedBy], [CreatedDate], [ModifiedDate], [Modifiedby], [Alias], [IsActive]) VALUES (1, N'Điện Thoại', NULL, N'/Uploads/images/ProductsCategory/icon/Phone-128x129.jpg', NULL, CAST(N'2024-03-30T12:07:58.000' AS DateTime), CAST(N'2024-04-22T22:05:32.137' AS DateTime), N'Huỳnh Thuận-171102', N'dien-thoai', 1)
INSERT [dbo].[tb_ProductCategory] ([ProductCategoryId], [Title], [Description], [Icon], [CreatedBy], [CreatedDate], [ModifiedDate], [Modifiedby], [Alias], [IsActive]) VALUES (2, N'Laptop', NULL, N'/Uploads/images/ProductsCategory/icon/Laptop-129x129.jpg', NULL, CAST(N'2024-03-30T12:08:07.000' AS DateTime), CAST(N'2024-04-22T22:05:48.843' AS DateTime), N'Huỳnh Thuận-171102', N'laptop', 1)
INSERT [dbo].[tb_ProductCategory] ([ProductCategoryId], [Title], [Description], [Icon], [CreatedBy], [CreatedDate], [ModifiedDate], [Modifiedby], [Alias], [IsActive]) VALUES (3, N'Đồng hồ thông minh', NULL, N'/Uploads/images/ProductCategory/Icon/icon-moi-128x129.jpg', NULL, CAST(N'2024-03-30T12:08:22.000' AS DateTime), CAST(N'2024-04-08T21:03:57.850' AS DateTime), NULL, N'dong-ho-thong-minh', 0)
INSERT [dbo].[tb_ProductCategory] ([ProductCategoryId], [Title], [Description], [Icon], [CreatedBy], [CreatedDate], [ModifiedDate], [Modifiedby], [Alias], [IsActive]) VALUES (4, N'Tai nghe', NULL, N'/Uploads/images/ProductCategory/Icon/Tainghe-128x129%20(1).png', NULL, CAST(N'2024-04-18T16:05:25.077' AS DateTime), CAST(N'2024-04-18T16:05:25.077' AS DateTime), NULL, N'tai-nghe', 0)
INSERT [dbo].[tb_ProductCategory] ([ProductCategoryId], [Title], [Description], [Icon], [CreatedBy], [CreatedDate], [ModifiedDate], [Modifiedby], [Alias], [IsActive]) VALUES (5, N'Tablet', NULL, N'/Uploads/images/ProductCategory/Icon/tablet-128x129-2.png', NULL, CAST(N'2024-04-18T16:07:15.773' AS DateTime), CAST(N'2024-04-18T16:07:15.773' AS DateTime), NULL, N'tablet', 1)
INSERT [dbo].[tb_ProductCategory] ([ProductCategoryId], [Title], [Description], [Icon], [CreatedBy], [CreatedDate], [ModifiedDate], [Modifiedby], [Alias], [IsActive]) VALUES (6, N'Cáp sạc', NULL, N'/Uploads/images/ProductCategory/Icon/Capsac-129x129.png', NULL, CAST(N'2024-04-18T16:09:01.910' AS DateTime), CAST(N'2024-04-18T16:09:01.910' AS DateTime), NULL, N'cap-sac', 0)
SET IDENTITY_INSERT [dbo].[tb_ProductCategory] OFF
GO
SET IDENTITY_INSERT [dbo].[tb_ProductCompany] ON 

INSERT [dbo].[tb_ProductCompany] ([ProductCompanyId], [Title], [CreatedBy], [CreatedDate], [ModifiedDate], [Modifeby], [Alias], [Icon]) VALUES (1, N'Apple', N'Gia Thuận', CAST(N'2024-03-30T12:08:38.983' AS DateTime), CAST(N'2024-03-30T12:08:38.983' AS DateTime), NULL, N'apple', N'/Uploads/images/ProductsCompany/icon/logo-iphone-220x48.png')
INSERT [dbo].[tb_ProductCompany] ([ProductCompanyId], [Title], [CreatedBy], [CreatedDate], [ModifiedDate], [Modifeby], [Alias], [Icon]) VALUES (2, N'Samsung', N'Gia Thuận', CAST(N'2024-03-30T12:08:45.917' AS DateTime), CAST(N'2024-03-30T12:08:45.917' AS DateTime), NULL, N'samsung', N'/Uploads/images/ProductsCompany/icon/samsungnew-220x48-1.png')
INSERT [dbo].[tb_ProductCompany] ([ProductCompanyId], [Title], [CreatedBy], [CreatedDate], [ModifiedDate], [Modifeby], [Alias], [Icon]) VALUES (3, N'Oppo', N'Gia Thuận', CAST(N'2024-04-22T14:01:21.933' AS DateTime), CAST(N'2024-04-22T14:01:21.933' AS DateTime), NULL, N'oppo', N'/Uploads/images/ProductsCompany/icon/OPPO42-b_5.jpg')
INSERT [dbo].[tb_ProductCompany] ([ProductCompanyId], [Title], [CreatedBy], [CreatedDate], [ModifiedDate], [Modifeby], [Alias], [Icon]) VALUES (4, N'Vivo', NULL, CAST(N'2024-04-22T21:53:58.790' AS DateTime), CAST(N'2024-04-22T21:53:58.790' AS DateTime), NULL, N'vivo', N'/Uploads/images/ProductsCompany/icon/vivo-logo-220-220x48-3.png')
INSERT [dbo].[tb_ProductCompany] ([ProductCompanyId], [Title], [CreatedBy], [CreatedDate], [ModifiedDate], [Modifeby], [Alias], [Icon]) VALUES (5, N'Xiaomi', N'Huỳnh Thuận-171102', CAST(N'2024-04-22T21:59:54.453' AS DateTime), CAST(N'2024-04-22T21:59:54.453' AS DateTime), NULL, N'xiaomi', N'/Uploads/images/ProductsCompany/icon/logo-xiaomi-220x48-5.png')
INSERT [dbo].[tb_ProductCompany] ([ProductCompanyId], [Title], [CreatedBy], [CreatedDate], [ModifiedDate], [Modifeby], [Alias], [Icon]) VALUES (6, N'Nokia', N'Huỳnh Thuận-171102', CAST(N'2024-04-22T22:00:25.607' AS DateTime), CAST(N'2024-04-22T22:00:25.607' AS DateTime), NULL, N'nokia', N'/Uploads/images/ProductsCompany/icon/Nokia42-b_21.jpg')
INSERT [dbo].[tb_ProductCompany] ([ProductCompanyId], [Title], [CreatedBy], [CreatedDate], [ModifiedDate], [Modifeby], [Alias], [Icon]) VALUES (7, N'Asus', N'Huỳnh Thuận-171102', CAST(N'2024-04-24T20:53:46.817' AS DateTime), CAST(N'2024-04-24T20:53:46.817' AS DateTime), NULL, N'asus', N'/Uploads/images/ProductCompany/Image/logo-asus-149x40.png')
SET IDENTITY_INSERT [dbo].[tb_ProductCompany] OFF
GO
SET IDENTITY_INSERT [dbo].[tb_Products] ON 

INSERT [dbo].[tb_Products] ([ProductsId], [Title], [CreatedBy], [CreatedDate], [ModifiedDate], [Modifeby], [Alias], [IsActive], [IsHome], [IsSale], [IsFeature], [IsHot], [SeoTitle], [SeoDescription], [ProductCode], [Screensize], [CPUspeed], [OperatingSystem], [GPUspeed], [MobileNetwork], [Sim], [Wifi], [GPS], [Bluetooth], [Connector], [Headphonejack], [BatteryType], [ChargingSupport], [BatteryTechnology], [Image], [CPU], [GPU], [Screen], [ProductCategoryId], [ProductCompanyId]) VALUES (1, N'iPhone 15 Pro Max', NULL, CAST(N'2024-04-15T18:49:58.000' AS DateTime), CAST(N'2024-04-22T22:20:50.257' AS DateTime), NULL, N'iphone-15-pro-max', 1, 1, 1, 0, 0, NULL, NULL, NULL, NULL, N' 3.22 GHz', N' iOS 15', NULL, N'Hỗ trợ 5G', N'1-nano-sim--1-esim                                                                                                                                                                                                                                                                                                                                                                                                                                                                                                                                                                                                                                                                                                                                                                                                                                                                                                                  ', N'Wi-Fi MIMO', N'QZSS', N'v5.0                                                                                                                                                                                                                                                                                                                                                                                                                                                                                                                                                                                                                                                                                                                                                                                                                                                                                                                                ', N' Lightning', N' Lightning', N'li-ion                                                                                                                                                                                                                                                                                                                                                                                                                                                                                                                                                                                                                                                                                                                                                                                                                                                                                                                              ', N'20 W', N'Tiết kiệm pin', NULL, N'Apple A15 Bionic 6 nhân', N' Apple GPU 4 nhân', NULL, 1, 1)
INSERT [dbo].[tb_Products] ([ProductsId], [Title], [CreatedBy], [CreatedDate], [ModifiedDate], [Modifeby], [Alias], [IsActive], [IsHome], [IsSale], [IsFeature], [IsHot], [SeoTitle], [SeoDescription], [ProductCode], [Screensize], [CPUspeed], [OperatingSystem], [GPUspeed], [MobileNetwork], [Sim], [Wifi], [GPS], [Bluetooth], [Connector], [Headphonejack], [BatteryType], [ChargingSupport], [BatteryTechnology], [Image], [CPU], [GPU], [Screen], [ProductCategoryId], [ProductCompanyId]) VALUES (2, N'MacBook Air 13 inch M1 2020', NULL, CAST(N'2024-04-18T00:00:01.913' AS DateTime), CAST(N'2024-04-18T00:00:01.913' AS DateTime), NULL, N'macbook-air-13-inch-m1-2020', 1, 1, 1, 1, 0, NULL, NULL, NULL, NULL, N' Hãng không công bố', N'macOS', NULL, N' Hãng không công bố', N'hang-khong-cong-bo                                                                                                                                                                                                                                                                                                                                                                                                                                                                                                                                                                                                                                                                                                                                                                                                                                                                                                                  ', N' Hãng không công bố', N' Hãng không công bố', N' Bluetooth 5.0Wi-Fi 6 (802.11ax)                                                                                                                                                                                                                                                                                                                                                                                                                                                                                                                                                                                                                                                                                                                                                                                                                                                                                                    ', N' Hãng không công bố', N'Jack tai nghe 3.5 mm2 x Thunderbolt 3 (USB-C)', N'lion                                                                                                                                                                                                                                                                                                                                                                                                                                                                                                                                                                                                                                                                                                                                                                                                                                                                                                                                ', N'Nhanh', N'50000', N'/Uploads/images/Products/Iphone15/mac-air-m1-13-xam-new-650x650.png', N'Apple M1', N' Hãng không công bố', NULL, 2, 1)
INSERT [dbo].[tb_Products] ([ProductsId], [Title], [CreatedBy], [CreatedDate], [ModifiedDate], [Modifeby], [Alias], [IsActive], [IsHome], [IsSale], [IsFeature], [IsHot], [SeoTitle], [SeoDescription], [ProductCode], [Screensize], [CPUspeed], [OperatingSystem], [GPUspeed], [MobileNetwork], [Sim], [Wifi], [GPS], [Bluetooth], [Connector], [Headphonejack], [BatteryType], [ChargingSupport], [BatteryTechnology], [Image], [CPU], [GPU], [Screen], [ProductCategoryId], [ProductCompanyId]) VALUES (3, N'MacBook Air 15 inch M2 Sạc 70W ', NULL, CAST(N'2024-04-18T00:15:32.693' AS DateTime), CAST(N'2024-04-18T00:15:32.693' AS DateTime), NULL, N'macbook-air-15-inch-m2-sac-70w', 1, 1, 1, 0, 0, NULL, NULL, NULL, NULL, N'100 GB/s memory bandwidth', N'macOS', NULL, N'Hãng không công bố', N'hang-khong-cong-bo                                                                                                                                                                                                                                                                                                                                                                                                                                                                                                                                                                                                                                                                                                                                                                                                                                                                                                                  ', N'Hãng không công bố', N'Hãng không công bố', N'Hãng không công b?                                                                                                                                                                                                                                                                                                                                                                                                                                                                                                                                                                                                                                                                                                                                                                                                                                                                                                                  ', N'70 W', N'MagSafe 3', N'lion                                                                                                                                                                                                                                                                                                                                                                                                                                                                                                                                                                                                                                                                                                                                                                                                                                                                                                                                ', N'Nhanh', N'56000', N'/Uploads/images/Products/Iphone15/mac-air-15-bac-new-650x650.png', N' Apple M2 - Hãng không công bố', N'Hãng không công bố', NULL, 2, 1)
INSERT [dbo].[tb_Products] ([ProductsId], [Title], [CreatedBy], [CreatedDate], [ModifiedDate], [Modifeby], [Alias], [IsActive], [IsHome], [IsSale], [IsFeature], [IsHot], [SeoTitle], [SeoDescription], [ProductCode], [Screensize], [CPUspeed], [OperatingSystem], [GPUspeed], [MobileNetwork], [Sim], [Wifi], [GPS], [Bluetooth], [Connector], [Headphonejack], [BatteryType], [ChargingSupport], [BatteryTechnology], [Image], [CPU], [GPU], [Screen], [ProductCategoryId], [ProductCompanyId]) VALUES (4, N'iPhone 14 Pro Max', N'Huỳnh Thuận-171102', CAST(N'2024-04-22T22:49:51.257' AS DateTime), CAST(N'2024-04-22T22:49:51.257' AS DateTime), NULL, N'iphone-14-pro-max', 1, 1, 1, 0, 0, NULL, NULL, NULL, NULL, N'3.46 GHz', N'iOS 16', NULL, N'Hỗ trợ 5G', N'1-nano-sim--1-esim                                                                                                                                                                                                                                                                                                                                                                                                                                                                                                                                                                                                                                                                                                                                                                                                                                                                                                                  ', N'Wi-Fi MIMO', N'QZSS', N' v5.3                                                                                                                                                                                                                                                                                                                                                                                                                                                                                                                                                                                                                                                                                                                                                                                                                                                                                                                               ', N' Lightning', N' Lightning', N'li-ion                                                                                                                                                                                                                                                                                                                                                                                                                                                                                                                                                                                                                                                                                                                                                                                                                                                                                                                              ', N'20 W', N'Tiết kiệm pin', N'/Uploads/images/Products/Iphon14ProMax/iphone-14-pro-max-tim-thumb-600x600.jpg', N' Apple A16 Bionic 6 nhân', N'Apple GPU 5 nhân', NULL, 1, 1)
INSERT [dbo].[tb_Products] ([ProductsId], [Title], [CreatedBy], [CreatedDate], [ModifiedDate], [Modifeby], [Alias], [IsActive], [IsHome], [IsSale], [IsFeature], [IsHot], [SeoTitle], [SeoDescription], [ProductCode], [Screensize], [CPUspeed], [OperatingSystem], [GPUspeed], [MobileNetwork], [Sim], [Wifi], [GPS], [Bluetooth], [Connector], [Headphonejack], [BatteryType], [ChargingSupport], [BatteryTechnology], [Image], [CPU], [GPU], [Screen], [ProductCategoryId], [ProductCompanyId]) VALUES (5, N'Samsung Galaxy S24 Ultra 5G', N'Huỳnh Thuận-171102', CAST(N'2024-04-22T23:10:56.210' AS DateTime), CAST(N'2024-04-22T23:10:56.210' AS DateTime), NULL, N'samsung-galaxy-s24-ultra-5g', 1, 1, 0, 0, 0, NULL, NULL, NULL, NULL, N' 3.39 GHz', N'Android 14', NULL, N' Hỗ trợ 5G', N'2-nano-sim-hoac-2-esim-hoac-1-nano-sim--1-esim                                                                                                                                                                                                                                                                                                                                                                                                                                                                                                                                                                                                                                                                                                                                                                                                                                                                                      ', N'Wi-Fi MIMO', N'QZSS', N' v5.3                                                                                                                                                                                                                                                                                                                                                                                                                                                                                                                                                                                                                                                                                                                                                                                                                                                                                                                               ', N' Type-C', N' Type-C', N'li-ion                                                                                                                                                                                                                                                                                                                                                                                                                                                                                                                                                                                                                                                                                                                                                                                                                                                                                                                              ', N'45 W', N'Tiết kiệm pin', N'/Uploads/images/Products/S24Ultra5G/samsung-galaxy-s24-ultra-xam-1.png', N' Snapdragon 8 Gen 3 for Galaxy', N'Adreno 750', NULL, 1, 2)
INSERT [dbo].[tb_Products] ([ProductsId], [Title], [CreatedBy], [CreatedDate], [ModifiedDate], [Modifeby], [Alias], [IsActive], [IsHome], [IsSale], [IsFeature], [IsHot], [SeoTitle], [SeoDescription], [ProductCode], [Screensize], [CPUspeed], [OperatingSystem], [GPUspeed], [MobileNetwork], [Sim], [Wifi], [GPS], [Bluetooth], [Connector], [Headphonejack], [BatteryType], [ChargingSupport], [BatteryTechnology], [Image], [CPU], [GPU], [Screen], [ProductCategoryId], [ProductCompanyId]) VALUES (6, N' Samsung Galaxy S24+ 5G', NULL, CAST(N'2024-04-24T18:23:13.000' AS DateTime), CAST(N'2024-04-24T20:28:07.780' AS DateTime), N'Huỳnh Thuận-171102', N'samsung-galaxy-s24-5g', 1, 1, 1, 0, 0, NULL, NULL, NULL, NULL, N' 3.2 GHz', N'Android 14', NULL, N'Hỗ trợ 5G', N'2-nano-sim-hoac-2-esim-hoac-1-nano-sim--1-esim                                                                                                                                                                                                                                                                                                                                                                                                                                                                                                                                                                                                                                                                                                                                                                                                                                                                                      ', N'Wi-Fi MIMO', N'QZSS', N' v5.3                                                                                                                                                                                                                                                                                                                                                                                                                                                                                                                                                                                                                                                                                                                                                                                                                                                                                                                               ', N' Type-C', N' Type-C', N'li-ion                                                                                                                                                                                                                                                                                                                                                                                                                                                                                                                                                                                                                                                                                                                                                                                                                                                                                                                              ', N' 45 W', N'Sạc pin nhanh', NULL, N' Exynos 2400', N' Xclipse 940', NULL, 1, 2)
INSERT [dbo].[tb_Products] ([ProductsId], [Title], [CreatedBy], [CreatedDate], [ModifiedDate], [Modifeby], [Alias], [IsActive], [IsHome], [IsSale], [IsFeature], [IsHot], [SeoTitle], [SeoDescription], [ProductCode], [Screensize], [CPUspeed], [OperatingSystem], [GPUspeed], [MobileNetwork], [Sim], [Wifi], [GPS], [Bluetooth], [Connector], [Headphonejack], [BatteryType], [ChargingSupport], [BatteryTechnology], [Image], [CPU], [GPU], [Screen], [ProductCategoryId], [ProductCompanyId]) VALUES (7, N'Samsung Galaxy S24 Ultra 6G ', NULL, CAST(N'2024-04-24T20:50:51.000' AS DateTime), CAST(N'2024-04-24T22:36:34.297' AS DateTime), N'Huỳnh Thuận-171102', N'samsung-galaxy-s24-ultra-6g', 1, 1, 1, 0, 0, NULL, NULL, NULL, NULL, N' 3.39 GHz', N' Android 14', NULL, N' Hỗ trợ 5G', N'2-nano-sim-hoac-2-esim-hoac-1-nano-sim--1-esim                                                                                                                                                                                                                                                                                                                                                                                                                                                                                                                                                                                                                                                                                                                                                                                                                                                                                      ', N'Wi-Fi MIMO', N'QZSS', N' v5.3                                                                                                                                                                                                                                                                                                                                                                                                                                                                                                                                                                                                                                                                                                                                                                                                                                                                                                                               ', N' Type-C', N' Type-C', N'li-ion                                                                                                                                                                                                                                                                                                                                                                                                                                                                                                                                                                                                                                                                                                                                                                                                                                                                                                                              ', N' 45 W', N'Tiết kiệm pin', NULL, N' Snapdragon 8 Gen 3 for Galaxy', N' Adreno 750', NULL, 1, 2)
INSERT [dbo].[tb_Products] ([ProductsId], [Title], [CreatedBy], [CreatedDate], [ModifiedDate], [Modifeby], [Alias], [IsActive], [IsHome], [IsSale], [IsFeature], [IsHot], [SeoTitle], [SeoDescription], [ProductCode], [Screensize], [CPUspeed], [OperatingSystem], [GPUspeed], [MobileNetwork], [Sim], [Wifi], [GPS], [Bluetooth], [Connector], [Headphonejack], [BatteryType], [ChargingSupport], [BatteryTechnology], [Image], [CPU], [GPU], [Screen], [ProductCategoryId], [ProductCompanyId]) VALUES (8, N'MacBook Air 13 inch M2 10GPU', N'Huỳnh Thuận-171102', CAST(N'2024-04-24T23:21:52.517' AS DateTime), CAST(N'2024-04-24T23:21:52.517' AS DateTime), NULL, N'macbook-air-13-inch-m2-10gpu', 1, 1, 1, 0, 0, NULL, NULL, NULL, NULL, N' 100 GB/s memory bandwidth', N' macOS', NULL, N'Không hỗ trợ', N'khong-ho-tro                                                                                                                                                                                                                                                                                                                                                                                                                                                                                                                                                                                                                                                                                                                                                                                                                                                                                                                        ', N'Hãng không công bố', N'Hãng không công bố', N'5.3                                                                                                                                                                                                                                                                                                                                                                                                                                                                                                                                                                                                                                                                                                                                                                                                                                                                                                                                 ', N' MagSafe 3', N'Jack tai nghe 3.5 mm', N'lion                                                                                                                                                                                                                                                                                                                                                                                                                                                                                                                                                                                                                                                                                                                                                                                                                                                                                                                                ', N'Sạc nhanh ', N'Sạc nhanh  Lên đến 18 giờ (Hãng công bố)', N'/Uploads/images/Products/Air13inchM2/apple-macbook-air-m2-2022-16gb-600x600__1_-removebg-preview.png', N' Apple M2', N' Card tích hợp - 10 nhân GPU', NULL, 2, 1)
INSERT [dbo].[tb_Products] ([ProductsId], [Title], [CreatedBy], [CreatedDate], [ModifiedDate], [Modifeby], [Alias], [IsActive], [IsHome], [IsSale], [IsFeature], [IsHot], [SeoTitle], [SeoDescription], [ProductCode], [Screensize], [CPUspeed], [OperatingSystem], [GPUspeed], [MobileNetwork], [Sim], [Wifi], [GPS], [Bluetooth], [Connector], [Headphonejack], [BatteryType], [ChargingSupport], [BatteryTechnology], [Image], [CPU], [GPU], [Screen], [ProductCategoryId], [ProductCompanyId]) VALUES (9, N'iMac 24 inch M3', N'Huỳnh Thuận-171102', CAST(N'2024-04-25T00:00:29.647' AS DateTime), CAST(N'2024-04-25T00:00:29.647' AS DateTime), NULL, N'imac-24-inch-m3', 1, 1, 1, 0, 0, NULL, NULL, NULL, NULL, N'8-core Card đồ hoạ tích hợp GPU', N'macOS Sonoma', NULL, N'Không hỗ trợ', N'khong-ho-tro                                                                                                                                                                                                                                                                                                                                                                                                                                                                                                                                                                                                                                                                                                                                                                                                                                                                                                                        ', N'Hãng không công bố', N'Không hỗ trợ', N'Không h? tr?                                                                                                                                                                                                                                                                                                                                                                                                                                                                                                                                                                                                                                                                                                                                                                                                                                                                                                                        ', N'USB 4 (hỗ trợ DisplayPort,2 x Thunderbolt ', N' Jack 3.5 mm', N'hang-khong-cong-bo                                                                                                                                                                                                                                                                                                                                                                                                                                                                                                                                                                                                                                                                                                                                                                                                                                                                                                                  ', N'Hãng không công bố', N'Hãng không công bố', N'/Uploads/images/Products/iMac24inchM3/imac-m3-green-thumb-650x650.png', N'Apple M3 8-core', N'8-core GPU', NULL, 2, 1)
INSERT [dbo].[tb_Products] ([ProductsId], [Title], [CreatedBy], [CreatedDate], [ModifiedDate], [Modifeby], [Alias], [IsActive], [IsHome], [IsSale], [IsFeature], [IsHot], [SeoTitle], [SeoDescription], [ProductCode], [Screensize], [CPUspeed], [OperatingSystem], [GPUspeed], [MobileNetwork], [Sim], [Wifi], [GPS], [Bluetooth], [Connector], [Headphonejack], [BatteryType], [ChargingSupport], [BatteryTechnology], [Image], [CPU], [GPU], [Screen], [ProductCategoryId], [ProductCompanyId]) VALUES (10, N'Samsung Galaxy Watch5 40mm ', NULL, CAST(N'2024-04-25T00:16:00.000' AS DateTime), CAST(N'2024-04-25T00:18:11.863' AS DateTime), N'Huỳnh Thuận-171102', N'samsung-galaxy-watch5-40mm', 1, 1, 0, 0, 0, NULL, NULL, NULL, NULL, N'Hãng không công bố', N' Wear OS được tùy biến bởi Samsung', NULL, N'Hãng không công bố', N'hang-khong-cong-bo                                                                                                                                                                                                                                                                                                                                                                                                                                                                                                                                                                                                                                                                                                                                                                                                                                                                                                                  ', N'Hãng không công bố', N'GLONASS', N'5.2                                                                                                                                                                                                                                                                                                                                                                                                                                                                                                                                                                                                                                                                                                                                                                                                                                                                                                                                 ', N'Hãng không công bố', N'Hãng không công bố', N'hang-khong-cong-bo                                                                                                                                                                                                                                                                                                                                                                                                                                                                                                                                                                                                                                                                                                                                                                                                                                                                                                                  ', N' Sạc không dây', N'Hãng không công bố', NULL, N'Hãng không công bố', N'Hãng không công bố', NULL, 3, 2)
INSERT [dbo].[tb_Products] ([ProductsId], [Title], [CreatedBy], [CreatedDate], [ModifiedDate], [Modifeby], [Alias], [IsActive], [IsHome], [IsSale], [IsFeature], [IsHot], [SeoTitle], [SeoDescription], [ProductCode], [Screensize], [CPUspeed], [OperatingSystem], [GPUspeed], [MobileNetwork], [Sim], [Wifi], [GPS], [Bluetooth], [Connector], [Headphonejack], [BatteryType], [ChargingSupport], [BatteryTechnology], [Image], [CPU], [GPU], [Screen], [ProductCategoryId], [ProductCompanyId]) VALUES (11, N'Apple Watch SE 2022 GPS 44mm ', N'Huỳnh Thuận-171102', CAST(N'2024-04-25T00:21:24.330' AS DateTime), CAST(N'2024-04-25T00:21:24.330' AS DateTime), NULL, N'apple-watch-se-2022-gps-44mm', 1, 1, 0, 0, 0, NULL, NULL, NULL, NULL, N'Hãng không công bố', N'WatchOS phiên bản mới nhất', NULL, N'Không hỗ trợ', N'khong-ho-tro                                                                                                                                                                                                                                                                                                                                                                                                                                                                                                                                                                                                                                                                                                                                                                                                                                                                                                                        ', N'Không hỗ trợ', N'QZSS', N'v5.3                                                                                                                                                                                                                                                                                                                                                                                                                                                                                                                                                                                                                                                                                                                                                                                                                                                                                                                                ', N'Không dây', N'Không hỗ trợ', N'hang-khong-cong-bo                                                                                                                                                                                                                                                                                                                                                                                                                                                                                                                                                                                                                                                                                                                                                                                                                                                                                                                  ', N'Hãng không công bố', N'Hãng không công bố', N'/Uploads/images/Products/AppleWatchSE2022/apple-watch-se-2022-44mm-vien-nhom-xanh-thumbn-600x600-removebg-preview.png', N' Apple S8', N'Hãng không công bố', NULL, 3, 1)
INSERT [dbo].[tb_Products] ([ProductsId], [Title], [CreatedBy], [CreatedDate], [ModifiedDate], [Modifeby], [Alias], [IsActive], [IsHome], [IsSale], [IsFeature], [IsHot], [SeoTitle], [SeoDescription], [ProductCode], [Screensize], [CPUspeed], [OperatingSystem], [GPUspeed], [MobileNetwork], [Sim], [Wifi], [GPS], [Bluetooth], [Connector], [Headphonejack], [BatteryType], [ChargingSupport], [BatteryTechnology], [Image], [CPU], [GPU], [Screen], [ProductCategoryId], [ProductCompanyId]) VALUES (12, N'Apple Watch Series 9 GPS 41mm', N'Huỳnh Thuận-171102', CAST(N'2024-04-25T00:26:17.860' AS DateTime), CAST(N'2024-04-25T00:26:17.860' AS DateTime), NULL, N'apple-watch-series-9-gps-41mm', 1, 1, 0, 0, 0, NULL, NULL, NULL, NULL, N'Hãng không công bố', N'Hãng không công bố', NULL, N'Không hỗ trợ', N'khong-ho-tro                                                                                                                                                                                                                                                                                                                                                                                                                                                                                                                                                                                                                                                                                                                                                                                                                                                                                                                        ', N'Không hỗ trợ', N'QZSS', N'5.3                                                                                                                                                                                                                                                                                                                                                                                                                                                                                                                                                                                                                                                                                                                                                                                                                                                                                                                                 ', N'Không dây', N'Không hỗ trợ', N'hang-khong-cong-bo                                                                                                                                                                                                                                                                                                                                                                                                                                                                                                                                                                                                                                                                                                                                                                                                                                                                                                                  ', N'Hãng không công bố', N'Hãng không công bố', N'/Uploads/images/Products/AppleWatchSeries9GPS41mm/apple-watch-s9-41mm-vien-nhom-day-vai-hong-thumb-1-600x600.jpg', N'Apple S9', N'Hãng không công bố', NULL, 3, 1)
INSERT [dbo].[tb_Products] ([ProductsId], [Title], [CreatedBy], [CreatedDate], [ModifiedDate], [Modifeby], [Alias], [IsActive], [IsHome], [IsSale], [IsFeature], [IsHot], [SeoTitle], [SeoDescription], [ProductCode], [Screensize], [CPUspeed], [OperatingSystem], [GPUspeed], [MobileNetwork], [Sim], [Wifi], [GPS], [Bluetooth], [Connector], [Headphonejack], [BatteryType], [ChargingSupport], [BatteryTechnology], [Image], [CPU], [GPU], [Screen], [ProductCategoryId], [ProductCompanyId]) VALUES (13, N'Samsung Galaxy Watch5 Pro 45mm', N'Huỳnh Thuận-171102', CAST(N'2024-04-25T00:30:10.607' AS DateTime), CAST(N'2024-04-25T00:30:10.607' AS DateTime), NULL, N'samsung-galaxy-watch5-pro-45mm', 1, 1, 0, 0, 0, NULL, NULL, NULL, NULL, N'Hãng không công bố', N' Wear OS được tùy biến bởi Samsung', NULL, N'Không hỗ trợ', N'khong-ho-tro                                                                                                                                                                                                                                                                                                                                                                                                                                                                                                                                                                                                                                                                                                                                                                                                                                                                                                                        ', N'Có hỗ trợ', N'Không hỗ trợ', N'v5.2                                                                                                                                                                                                                                                                                                                                                                                                                                                                                                                                                                                                                                                                                                                                                                                                                                                                                                                                ', N'Không dây', N'NFC', N'hang-khong-cong-bo                                                                                                                                                                                                                                                                                                                                                                                                                                                                                                                                                                                                                                                                                                                                                                                                                                                                                                                  ', N'Hãng không công bố', N'Hãng không công bố', N'/Uploads/images/Products/Watch5Pro45mm/samsung-galaxy-watch5-pro-xam-tn-600x600.jpg', N'Exynos W920', N'Hãng không công bố', NULL, 3, 2)
INSERT [dbo].[tb_Products] ([ProductsId], [Title], [CreatedBy], [CreatedDate], [ModifiedDate], [Modifeby], [Alias], [IsActive], [IsHome], [IsSale], [IsFeature], [IsHot], [SeoTitle], [SeoDescription], [ProductCode], [Screensize], [CPUspeed], [OperatingSystem], [GPUspeed], [MobileNetwork], [Sim], [Wifi], [GPS], [Bluetooth], [Connector], [Headphonejack], [BatteryType], [ChargingSupport], [BatteryTechnology], [Image], [CPU], [GPU], [Screen], [ProductCategoryId], [ProductCompanyId]) VALUES (14, N' iPad Pro M2 12.9 inch WiFi ', N'Huỳnh Thuận-171102', CAST(N'2024-04-25T00:38:35.093' AS DateTime), CAST(N'2024-04-25T00:38:35.093' AS DateTime), NULL, N'ipad-pro-m2-129-inch-wifi', 1, 1, 0, 0, 0, NULL, NULL, NULL, NULL, N'Hãng không công bố', N' iPadOS 16', NULL, N'Không hỗ trợ', N'khong-ho-tro                                                                                                                                                                                                                                                                                                                                                                                                                                                                                                                                                                                                                                                                                                                                                                                                                                                                                                                        ', N'Wi-Fi 802.11 a/b/g/n/ac/ax  MIMO', N' iBeaconGPS', N'v5.3                                                                                                                                                                                                                                                                                                                                                                                                                                                                                                                                                                                                                                                                                                                                                                                                                                                                                                                                ', N'pe-C', N'pe-C', N'hang-khong-cong-bo                                                                                                                                                                                                                                                                                                                                                                                                                                                                                                                                                                                                                                                                                                                                                                                                                                                                                                                  ', N' 20 W', N'Sạc pin nhanhTiết kiệm pin', N'/Uploads/images/Products/M2129inch/ipad-pro-m2-12_5-wifi-xam-thumb-600x600.jpg', N' Apple M2 8 nhân', N'Apple GPU 10 nhân', NULL, 5, 1)
INSERT [dbo].[tb_Products] ([ProductsId], [Title], [CreatedBy], [CreatedDate], [ModifiedDate], [Modifeby], [Alias], [IsActive], [IsHome], [IsSale], [IsFeature], [IsHot], [SeoTitle], [SeoDescription], [ProductCode], [Screensize], [CPUspeed], [OperatingSystem], [GPUspeed], [MobileNetwork], [Sim], [Wifi], [GPS], [Bluetooth], [Connector], [Headphonejack], [BatteryType], [ChargingSupport], [BatteryTechnology], [Image], [CPU], [GPU], [Screen], [ProductCategoryId], [ProductCompanyId]) VALUES (15, N'iPad mini 6 WiFi Cellular ', N'Huỳnh Thuận-171102', CAST(N'2024-04-25T00:44:58.990' AS DateTime), CAST(N'2024-04-25T00:44:58.990' AS DateTime), NULL, N'ipad-mini-6-wifi-cellular', 1, 1, 0, 0, 0, NULL, NULL, NULL, NULL, N' 2.93 GHz', N' iPadOS 15', NULL, N' Hỗ trợ 5G', N'1-nano-sim-hoac-1-esim                                                                                                                                                                                                                                                                                                                                                                                                                                                                                                                                                                                                                                                                                                                                                                                                                                                                                                              ', N' Wi-Fi 802.11 a/b/g/n/ac/axDual-band', N'GPS  GLONASS  A-GPS', N'v5.3                                                                                                                                                                                                                                                                                                                                                                                                                                                                                                                                                                                                                                                                                                                                                                                                                                                                                                                                ', N' Type-C', N' Type-C', N'li-ion                                                                                                                                                                                                                                                                                                                                                                                                                                                                                                                                                                                                                                                                                                                                                                                                                                                                                                                              ', N' 20 W', N' Sạc pin nhanhTiết kiệm pin', N'/Uploads/images/Products/iPadmini%206WiFi/ipad-mini-6-wifi-cellular-starlight-1-600x600.jpg', N' Apple A15 Bionic 6 nhân', N' Apple GPU 5 nhân', NULL, 5, 1)
INSERT [dbo].[tb_Products] ([ProductsId], [Title], [CreatedBy], [CreatedDate], [ModifiedDate], [Modifeby], [Alias], [IsActive], [IsHome], [IsSale], [IsFeature], [IsHot], [SeoTitle], [SeoDescription], [ProductCode], [Screensize], [CPUspeed], [OperatingSystem], [GPUspeed], [MobileNetwork], [Sim], [Wifi], [GPS], [Bluetooth], [Connector], [Headphonejack], [BatteryType], [ChargingSupport], [BatteryTechnology], [Image], [CPU], [GPU], [Screen], [ProductCategoryId], [ProductCompanyId]) VALUES (16, N' Samsung Galaxy Tab S9+ 5G ', N'Huỳnh Thuận-171102', CAST(N'2024-04-25T00:50:12.883' AS DateTime), CAST(N'2024-04-25T00:50:12.883' AS DateTime), NULL, N'samsung-galaxy-tab-s9-5g', 1, 1, 0, 0, 0, NULL, NULL, NULL, NULL, N' 1 nhân 3.36 GHz, 4 nhân 2.8 GHz & 3 nhân 2 GHz', N'Android 13', NULL, N' Hỗ trợ 5G', N'1-nano-sim--1-esim                                                                                                                                                                                                                                                                                                                                                                                                                                                                                                                                                                                                                                                                                                                                                                                                                                                                                                                  ', N'Wi-Fi Direct  Wi-Fi 802.11 a/b/g/n/ac/ax  MIMO  Dual-band', N'QZSS', N'v5.3                                                                                                                                                                                                                                                                                                                                                                                                                                                                                                                                                                                                                                                                                                                                                                                                                                                                                                                                ', N' Type-C', N' Type-C', N'li-ion                                                                                                                                                                                                                                                                                                                                                                                                                                                                                                                                                                                                                                                                                                                                                                                                                                                                                                                              ', N' 45 W', N' Sạc pin nhanhTiết kiệm pin', N'/Uploads/images/Products/Tab9%2B/samsung-galaxy-tab-s9-plus-thumbnew-600x600.jpg', N'Snapdragon 8 Gen 2 for Galaxy', N' Adreno 740', NULL, 5, 2)
SET IDENTITY_INSERT [dbo].[tb_Products] OFF
GO
SET IDENTITY_INSERT [dbo].[tb_Customer] ON 

INSERT [dbo].[tb_Customer] ([CustomerId], [PhoneNumber], [CustomerName], [Email], [Password], [Image], [Birthday], [Loaction], [NumberofPurchases], [Code], [Clock]) VALUES (1, N'01212454855', N'Thuận Huỳnh', N'mapuucntt@gmail.com', N'202cb962ac59075b964b07152d234b70', N'/Content/clients/dist/img/user1-128x128.jpg', NULL, NULL, 1, N'KP53472   ', 0)
SET IDENTITY_INSERT [dbo].[tb_KhachHang] OFF
GO
SET IDENTITY_INSERT [dbo].[tb_ProductDetail] ON 

INSERT [dbo].[tb_ProductDetail] ([ProductDetailId], [Title], [Color], [Price], [PriceSale], [OrigianlPrice], [TypeProduct], [Image], [BatteryCapacity], [Ram], [Capacity], [ProductsId]) VALUES (1, N'Pro Max', N'Titan xanh', CAST(34990000.00 AS Decimal(18, 2)), CAST(29990000.00 AS Decimal(18, 2)), CAST(15000000.00 AS Decimal(18, 2)), 0, N'/Uploads/images/Products/Iphone15/iphone-15-pro-max-blue-1-2-650x650.png', 4356, 8, 256, 1)
INSERT [dbo].[tb_ProductDetail] ([ProductDetailId], [Title], [Color], [Price], [PriceSale], [OrigianlPrice], [TypeProduct], [Image], [BatteryCapacity], [Ram], [Capacity], [ProductsId]) VALUES (2, N'Pro', N'Titan trắng', CAST(43490000.00 AS Decimal(18, 2)), CAST(40999000.00 AS Decimal(18, 2)), CAST(35000000.00 AS Decimal(18, 2)), 0, N'/Uploads/images/Products/Iphone15/iphone-15-pro-trang-0-650x650.png', 4909, 8, 10000, 1)
INSERT [dbo].[tb_ProductDetail] ([ProductDetailId], [Title], [Color], [Price], [PriceSale], [OrigianlPrice], [TypeProduct], [Image], [BatteryCapacity], [Ram], [Capacity], [ProductsId]) VALUES (3, N' M1 2020', N'Xám', CAST(35890000.00 AS Decimal(18, 2)), CAST(0.00 AS Decimal(18, 2)), CAST(25000000.00 AS Decimal(18, 2)), 0, N'/Uploads/images/Products/MacBookAir13M12020/grey-1-org.png', 7803, 16, 512, 2)
INSERT [dbo].[tb_ProductDetail] ([ProductDetailId], [Title], [Color], [Price], [PriceSale], [OrigianlPrice], [TypeProduct], [Image], [BatteryCapacity], [Ram], [Capacity], [ProductsId]) VALUES (4, N'M1 2020', N'Xám', CAST(25789000.00 AS Decimal(18, 2)), CAST(0.00 AS Decimal(18, 2)), CAST(13000000.00 AS Decimal(18, 2)), 0, N'/Uploads/images/Products/MacBookAir13M12020/grey-1-org.png', 4570, 8, 256, 2)
INSERT [dbo].[tb_ProductDetail] ([ProductDetailId], [Title], [Color], [Price], [PriceSale], [OrigianlPrice], [TypeProduct], [Image], [BatteryCapacity], [Ram], [Capacity], [ProductsId]) VALUES (5, N'15 Pro Max', N'Titan đen', CAST(40450900.00 AS Decimal(18, 2)), CAST(0.00 AS Decimal(18, 2)), CAST(35000000.00 AS Decimal(18, 2)), 0, N'/Uploads/images/Products/Iphone15/iphone-15-pro-max-black-1-2-650x650.png', 5690, 8, 512, 1)
INSERT [dbo].[tb_ProductDetail] ([ProductDetailId], [Title], [Color], [Price], [PriceSale], [OrigianlPrice], [TypeProduct], [Image], [BatteryCapacity], [Ram], [Capacity], [ProductsId]) VALUES (6, N'M2 ', N'Xám', CAST(32089000.00 AS Decimal(18, 2)), CAST(28999990.00 AS Decimal(18, 2)), CAST(25000000.00 AS Decimal(18, 2)), 0, N'/Uploads/images/Products/MacBookAir15inchM2/apple-macbook-air-15-inch-m2-2023-gray-1.png', 5409, 8, 256, 3)
INSERT [dbo].[tb_ProductDetail] ([ProductDetailId], [Title], [Color], [Price], [PriceSale], [OrigianlPrice], [TypeProduct], [Image], [BatteryCapacity], [Ram], [Capacity], [ProductsId]) VALUES (7, N' 14 Pro Max', N'Tím ', CAST(29490000.00 AS Decimal(18, 2)), CAST(27390000.00 AS Decimal(18, 2)), CAST(20000000.00 AS Decimal(18, 2)), 0, N'/Uploads/images/Products/Iphon14ProMax/iphone-14-pro-max-tim-thumb-600x600.jpg', 4323, 6, 128, 4)
INSERT [dbo].[tb_ProductDetail] ([ProductDetailId], [Title], [Color], [Price], [PriceSale], [OrigianlPrice], [TypeProduct], [Image], [BatteryCapacity], [Ram], [Capacity], [ProductsId]) VALUES (8, N' S24 Ultra 5G Xám', N'Xám', CAST(33890000.00 AS Decimal(18, 2)), CAST(0.00 AS Decimal(18, 2)), CAST(12000000.00 AS Decimal(18, 2)), 0, N'/Uploads/images/Products/S24Ultra5G/samsung-galaxy-s24-ultra-xam-1.png', 5000, 8, 512, 5)
INSERT [dbo].[tb_ProductDetail] ([ProductDetailId], [Title], [Color], [Price], [PriceSale], [OrigianlPrice], [TypeProduct], [Image], [BatteryCapacity], [Ram], [Capacity], [ProductsId]) VALUES (9, N'Galaxy S24', N'Tím', CAST(28900000.00 AS Decimal(18, 2)), CAST(27560000.00 AS Decimal(18, 2)), CAST(12000000.00 AS Decimal(18, 2)), 0, N'/Uploads/images/Products/SamsungGalaxyS24/samsung-galaxy-s24-plus-tim-1.jpg', 4900, 8, 256, 6)
INSERT [dbo].[tb_ProductDetail] ([ProductDetailId], [Title], [Color], [Price], [PriceSale], [OrigianlPrice], [TypeProduct], [Image], [BatteryCapacity], [Ram], [Capacity], [ProductsId]) VALUES (10, N'S24 Ultra 6G', N'Đen', CAST(39680000.00 AS Decimal(18, 2)), CAST(33890000.00 AS Decimal(18, 2)), CAST(25000000.00 AS Decimal(18, 2)), 0, N'/Uploads/images/Products/GalaxyS24/samsung-galaxy-s24-ultra-den-1.jpg', 5600, 16, 512, 7)
INSERT [dbo].[tb_ProductDetail] ([ProductDetailId], [Title], [Color], [Price], [PriceSale], [OrigianlPrice], [TypeProduct], [Image], [BatteryCapacity], [Ram], [Capacity], [ProductsId]) VALUES (11, N'S24 Ultra  Xám', N'Xám', CAST(25790000.00 AS Decimal(18, 2)), CAST(0.00 AS Decimal(18, 2)), CAST(3000000.00 AS Decimal(18, 2)), 0, N'/Uploads/images/Products/GalaxyS24/samsung-galaxy-s24-plus-tim-4-1-.png', 4789, 8, 256, 7)
INSERT [dbo].[tb_ProductDetail] ([ProductDetailId], [Title], [Color], [Price], [PriceSale], [OrigianlPrice], [TypeProduct], [Image], [BatteryCapacity], [Ram], [Capacity], [ProductsId]) VALUES (12, N'M2 10GPU', N'Vàng', CAST(47200000.00 AS Decimal(18, 2)), CAST(45890000.00 AS Decimal(18, 2)), CAST(32000000.00 AS Decimal(18, 2)), 0, N'/Uploads/images/Products/Air13inchM2/apple-macbook-air-m2-2022-16gb-2-1.jpg', 7830, 16, 10000, 8)
INSERT [dbo].[tb_ProductDetail] ([ProductDetailId], [Title], [Color], [Price], [PriceSale], [OrigianlPrice], [TypeProduct], [Image], [BatteryCapacity], [Ram], [Capacity], [ProductsId]) VALUES (13, N'24 inch M3', N'Xanh lá', CAST(37990000.00 AS Decimal(18, 2)), CAST(35999990.00 AS Decimal(18, 2)), CAST(25000000.00 AS Decimal(18, 2)), 0, N'/Uploads/images/Products/iMac24inchM3/imac-m3-green-thumb-650x650%20(1).png', 1000, 8, 512, 9)
INSERT [dbo].[tb_ProductDetail] ([ProductDetailId], [Title], [Color], [Price], [PriceSale], [OrigianlPrice], [TypeProduct], [Image], [BatteryCapacity], [Ram], [Capacity], [ProductsId]) VALUES (14, N'M3 Hồng', N'Hồng', CAST(78999990.00 AS Decimal(18, 2)), CAST(0.00 AS Decimal(18, 2)), CAST(45000000.00 AS Decimal(18, 2)), 0, N'/Uploads/images/Products/iMac24inchM3/imac-24-inch-2023-4-5k-m3-red-4-650x650.png', 1000, 16, 10000, 9)
INSERT [dbo].[tb_ProductDetail] ([ProductDetailId], [Title], [Color], [Price], [PriceSale], [OrigianlPrice], [TypeProduct], [Image], [BatteryCapacity], [Ram], [Capacity], [ProductsId]) VALUES (15, N'40mm', N'Tím', CAST(4790000.00 AS Decimal(18, 2)), CAST(0.00 AS Decimal(18, 2)), CAST(3000000.00 AS Decimal(18, 2)), 0, N'/Uploads/images/Products/SamsungGalaxyWatch5/samsung-galaxy-watch5-tn-600x600-removebg-preview.png', 4500, 4, 64, 10)
INSERT [dbo].[tb_ProductDetail] ([ProductDetailId], [Title], [Color], [Price], [PriceSale], [OrigianlPrice], [TypeProduct], [Image], [BatteryCapacity], [Ram], [Capacity], [ProductsId]) VALUES (16, N'SE 2022', N'Đen xanh', CAST(8450000.00 AS Decimal(18, 2)), CAST(6999000.00 AS Decimal(18, 2)), CAST(4500000.00 AS Decimal(18, 2)), 0, N'/Uploads/images/Products/AppleWatchSE2022/apple-watch-se-2022-44mm-vien-nhom-xanh-thumbn-600x600-removebg-preview.png', 4500, 32, 64, 11)
INSERT [dbo].[tb_ProductDetail] ([ProductDetailId], [Title], [Color], [Price], [PriceSale], [OrigianlPrice], [TypeProduct], [Image], [BatteryCapacity], [Ram], [Capacity], [ProductsId]) VALUES (17, N'Series 9 GPS 41mm Hồng', N'Hồng', CAST(13890000.00 AS Decimal(18, 2)), CAST(0.00 AS Decimal(18, 2)), CAST(3000000.00 AS Decimal(18, 2)), 0, N'/Uploads/images/Products/AppleWatchSeries9GPS41mm/apple-watch-s9-41mm-vien-nhom-day-vai-hong-thumb-1-600x600.jpg', 4509, 8, 64, 12)
INSERT [dbo].[tb_ProductDetail] ([ProductDetailId], [Title], [Color], [Price], [PriceSale], [OrigianlPrice], [TypeProduct], [Image], [BatteryCapacity], [Ram], [Capacity], [ProductsId]) VALUES (18, N'Galaxy Watch5 Pro 45mm xám', N'Xám', CAST(11560000.00 AS Decimal(18, 2)), CAST(0.00 AS Decimal(18, 2)), CAST(3000000.00 AS Decimal(18, 2)), 0, N'/Uploads/images/Products/Watch5Pro45mm/samsung-galaxy-watch5-pro-xam-tn-600x600.jpg', 5689, 4, 64, 13)
INSERT [dbo].[tb_ProductDetail] ([ProductDetailId], [Title], [Color], [Price], [PriceSale], [OrigianlPrice], [TypeProduct], [Image], [BatteryCapacity], [Ram], [Capacity], [ProductsId]) VALUES (19, N'iPad Pro M2 12.9 inch WiFi Xám', N'Xám', CAST(29190000.00 AS Decimal(18, 2)), CAST(0.00 AS Decimal(18, 2)), CAST(23000000.00 AS Decimal(18, 2)), 0, N'/Uploads/images/Products/M2129inch/ipad-pro-m2-12_5-wifi-xam-thumb-600x600.jpg', 18900, 8, 256, 14)
INSERT [dbo].[tb_ProductDetail] ([ProductDetailId], [Title], [Color], [Price], [PriceSale], [OrigianlPrice], [TypeProduct], [Image], [BatteryCapacity], [Ram], [Capacity], [ProductsId]) VALUES (20, N'iPad mini 6 WiFi Cellula trắng', N'Trắng', CAST(16990000.00 AS Decimal(18, 2)), CAST(16099900.00 AS Decimal(18, 2)), CAST(15000000.00 AS Decimal(18, 2)), 0, N'/Uploads/images/Products/iPadmini%206WiFi/ipad-mini-6-wifi-cellular-starlight-1-600x600.jpg', 5490, 8, 512, 15)
INSERT [dbo].[tb_ProductDetail] ([ProductDetailId], [Title], [Color], [Price], [PriceSale], [OrigianlPrice], [TypeProduct], [Image], [BatteryCapacity], [Ram], [Capacity], [ProductsId]) VALUES (21, N'Samsung Galaxy Tab S9+ 5G Kem', N'Kem', CAST(45890000.00 AS Decimal(18, 2)), CAST(0.00 AS Decimal(18, 2)), CAST(25000000.00 AS Decimal(18, 2)), 0, N'/Uploads/images/Products/GalaxyTabS9/samsung-galaxy-tab-s9-plus-thumbnew-600x600.jpg', 6730, 8, 512, 16)
INSERT [dbo].[tb_ProductDetail] ([ProductDetailId], [Title], [Color], [Price], [PriceSale], [OrigianlPrice], [TypeProduct], [Image], [BatteryCapacity], [Ram], [Capacity], [ProductsId]) VALUES (22, N'14 Pro Max Trắng', N'Trắng', CAST(23000000.00 AS Decimal(18, 2)), CAST(18900000.00 AS Decimal(18, 2)), CAST(12000000.00 AS Decimal(18, 2)), 0, N'/Uploads/images/Products/Iphon14ProMax/iphone-14-pro-black-650x650.png', 4891, 8, 128, 4)
INSERT [dbo].[tb_ProductDetail] ([ProductDetailId], [Title], [Color], [Price], [PriceSale], [OrigianlPrice], [TypeProduct], [Image], [BatteryCapacity], [Ram], [Capacity], [ProductsId]) VALUES (23, N'iPhone 15 Pro Max TiTanXanh', N'TiTan Xanh', CAST(39890000.00 AS Decimal(18, 2)), CAST(0.00 AS Decimal(18, 2)), CAST(25000000.00 AS Decimal(18, 2)), 0, N'/Uploads/images/Products/Iphone15/iphone-15-pro-max-blue-1-2-650x650.png', 4890, 8, 10000, 1)
SET IDENTITY_INSERT [dbo].[tb_ProductDetail] OFF
GO
SET IDENTITY_INSERT [dbo].[tb_ProductImage] ON 

INSERT [dbo].[tb_ProductImage] ([ProductImageId], [ProductsId], [Image], [IsDefault]) VALUES (1, 1, N'/Uploads/images/Products/Iphone15/iphone-15-pro-max-blue-1-2-650x650.png', 1)
INSERT [dbo].[tb_ProductImage] ([ProductImageId], [ProductsId], [Image], [IsDefault]) VALUES (2, 1, N'/Uploads/images/Products/Iphone15/iphone-15-pro-max-blue-titan-1-650x650.png', 1)
INSERT [dbo].[tb_ProductImage] ([ProductImageId], [ProductsId], [Image], [IsDefault]) VALUES (3, 1, N'/Uploads/images/Products/Iphone15/iphone-15-pro-max-blue-titan-2-650x650.png', 1)
INSERT [dbo].[tb_ProductImage] ([ProductImageId], [ProductsId], [Image], [IsDefault]) VALUES (4, 1, N'/Uploads/images/Products/Iphone15/iphone-15-pro-max-blue-titan-3-650x650.png', 1)
INSERT [dbo].[tb_ProductImage] ([ProductImageId], [ProductsId], [Image], [IsDefault]) VALUES (5, 1, N'/Uploads/images/Products/Iphone15/iphone-15-pro-max-blue-titan-4-650x650.png', 1)
INSERT [dbo].[tb_ProductImage] ([ProductImageId], [ProductsId], [Image], [IsDefault]) VALUES (6, 1, N'/Uploads/images/Products/Iphone15/iphone-15-pro-max-blue-titan-5-650x650.png', 1)
INSERT [dbo].[tb_ProductImage] ([ProductImageId], [ProductsId], [Image], [IsDefault]) VALUES (7, 1, N'/Uploads/images/Products/Iphone15/iphone-15-pro-max-blue-titan-6-650x650.png', 1)
INSERT [dbo].[tb_ProductImage] ([ProductImageId], [ProductsId], [Image], [IsDefault]) VALUES (8, 2, N'/Uploads/images/Products/Iphone15/mac-air-m1-13-xam-new-650x650.png', 1)
INSERT [dbo].[tb_ProductImage] ([ProductImageId], [ProductsId], [Image], [IsDefault]) VALUES (9, 2, N'/Uploads/images/Products/Iphone15/macbook-air-m1-spgry-01-650x650.png', 1)
INSERT [dbo].[tb_ProductImage] ([ProductImageId], [ProductsId], [Image], [IsDefault]) VALUES (10, 2, N'/Uploads/images/Products/Iphone15/macbook-air-m1-spgry-02-650x650.png', 1)
INSERT [dbo].[tb_ProductImage] ([ProductImageId], [ProductsId], [Image], [IsDefault]) VALUES (11, 2, N'/Uploads/images/Products/Iphone15/macbook-air-m1-spgry-03-650x650.png', 1)
INSERT [dbo].[tb_ProductImage] ([ProductImageId], [ProductsId], [Image], [IsDefault]) VALUES (12, 2, N'/Uploads/images/Products/Iphone15/macbook-air-m1-spgry-04-650x650.png', 1)
INSERT [dbo].[tb_ProductImage] ([ProductImageId], [ProductsId], [Image], [IsDefault]) VALUES (13, 3, N'/Uploads/images/Products/Iphone15/mac-air-15-bac-new-650x650.png', 1)
INSERT [dbo].[tb_ProductImage] ([ProductImageId], [ProductsId], [Image], [IsDefault]) VALUES (14, 3, N'/Uploads/images/Products/Iphone15/mac-air-m1-13-xam-new-650x650.png', 1)
INSERT [dbo].[tb_ProductImage] ([ProductImageId], [ProductsId], [Image], [IsDefault]) VALUES (15, 3, N'/Uploads/images/Products/Iphone15/macbook-air-15-inch-m2-2023-70w-1-1-650x650.png', 1)
INSERT [dbo].[tb_ProductImage] ([ProductImageId], [ProductsId], [Image], [IsDefault]) VALUES (16, 3, N'/Uploads/images/Products/Iphone15/macbook-air-15-inch-m2-2023-70w-3-1-650x650.png', 1)
INSERT [dbo].[tb_ProductImage] ([ProductImageId], [ProductsId], [Image], [IsDefault]) VALUES (17, 3, N'/Uploads/images/Products/Iphone15/macbook-air-15-inch-m2-2023-70w-4-1-650x650.png', 1)
INSERT [dbo].[tb_ProductImage] ([ProductImageId], [ProductsId], [Image], [IsDefault]) VALUES (18, 4, N'/Uploads/images/Products/Iphon14ProMax/iphone-14-pro-max-tim-thumb-600x600.jpg', 1)
INSERT [dbo].[tb_ProductImage] ([ProductImageId], [ProductsId], [Image], [IsDefault]) VALUES (19, 5, N'/Uploads/images/Products/Iphone15/iphone-15-pro-max-blue-titan-6-650x650.png', 1)
INSERT [dbo].[tb_ProductImage] ([ProductImageId], [ProductsId], [Image], [IsDefault]) VALUES (20, 6, N'/Uploads/images/Products/GalaxyS24/samsung-galaxy-s24-plus-violet-thumb-600x600.png', 1)
INSERT [dbo].[tb_ProductImage] ([ProductImageId], [ProductsId], [Image], [IsDefault]) VALUES (21, 7, N'/Uploads/images/Products/S24Ultra5G/samsung-galaxy-s24-ultra-grey-thumb-600x600.png', 1)
INSERT [dbo].[tb_ProductImage] ([ProductImageId], [ProductsId], [Image], [IsDefault]) VALUES (22, 8, N'/Uploads/images/Products/Air13inchM2/apple-macbook-air-m2-2022-16gb-600x600-removebg-preview.png', 1)
INSERT [dbo].[tb_ProductImage] ([ProductImageId], [ProductsId], [Image], [IsDefault]) VALUES (23, 9, N'/Uploads/images/Products/iMac24inchM3/imac-m3-green-thumb-650x650.png', 1)
INSERT [dbo].[tb_ProductImage] ([ProductImageId], [ProductsId], [Image], [IsDefault]) VALUES (24, 10, N'/Uploads/images/Products/SamsungGalaxyWatch5/samsung-galaxy-watch5-tn-600x600-removebg-preview.png', 1)
INSERT [dbo].[tb_ProductImage] ([ProductImageId], [ProductsId], [Image], [IsDefault]) VALUES (25, 11, N'/Uploads/images/Products/AppleWatchSE2022/apple-watch-se-2022-44mm-vien-nhom-xanh-thumbn-600x600-removebg-preview.png', 1)
INSERT [dbo].[tb_ProductImage] ([ProductImageId], [ProductsId], [Image], [IsDefault]) VALUES (26, 11, N'/Uploads/images/Products/AppleWatchSE2022/apple-watch-se-2022-44mm-vien-nhom-xanh-thumbn-600x600-removebg-preview.png', 1)
INSERT [dbo].[tb_ProductImage] ([ProductImageId], [ProductsId], [Image], [IsDefault]) VALUES (27, 12, N'/Uploads/images/Products/AppleWatchSeries9GPS41mm/apple-watch-s9-41mm-vien-nhom-day-vai-hong-thumb-1-600x600.jpg', 1)
INSERT [dbo].[tb_ProductImage] ([ProductImageId], [ProductsId], [Image], [IsDefault]) VALUES (28, 13, N'/Uploads/images/Products/Watch5Pro45mm/samsung-galaxy-watch5-pro-xam-tn-600x600.jpg', 1)
INSERT [dbo].[tb_ProductImage] ([ProductImageId], [ProductsId], [Image], [IsDefault]) VALUES (29, 14, N'/Uploads/images/Products/M2129inch/ipad-pro-m2-12_5-wifi-xam-thumb-600x600.jpg', 1)
INSERT [dbo].[tb_ProductImage] ([ProductImageId], [ProductsId], [Image], [IsDefault]) VALUES (30, 15, N'/Uploads/images/Products/iPadmini%206WiFi/ipad-mini-6-wifi-cellular-starlight-1-600x600.jpg', 1)
INSERT [dbo].[tb_ProductImage] ([ProductImageId], [ProductsId], [Image], [IsDefault]) VALUES (31, 16, N'http://localhost:52057/Uploads/images/Products/GalaxyTabS9/samsung-galaxy-tab-s9-plus-thumbnew-600x600.jpg', 1)
SET IDENTITY_INSERT [dbo].[tb_ProductImage] OFF
GO
SET IDENTITY_INSERT [dbo].[tb_Function] ON 

INSERT [dbo].[tb_Function] ([FunctionId], [TitLe], [Alias], [CreatedBy], [CreatedDate], [ModifiedDate], [Modifeby]) VALUES (1, N'admin', N'admin', N'Gia Thuan', CAST(N'2023-12-05T20:54:55.497' AS DateTime), NULL, NULL)
INSERT [dbo].[tb_Function] ([FunctionId], [TitLe], [Alias], [CreatedBy], [CreatedDate], [ModifiedDate], [Modifeby]) VALUES (2, N'Quản Lý', N'quan-ly', N'Gia Thuận', CAST(N'2023-12-05T21:03:33.400' AS DateTime), NULL, NULL)
INSERT [dbo].[tb_Function] ([FunctionId], [TitLe], [Alias], [CreatedBy], [CreatedDate], [ModifiedDate], [Modifeby]) VALUES (3, N'Quản lý kho hàng', N'quan-ly-kho-hang', N'Gia Thuận', CAST(N'2023-12-05T21:03:39.300' AS DateTime), NULL, NULL)
INSERT [dbo].[tb_Function] ([FunctionId], [TitLe], [Alias], [CreatedBy], [CreatedDate], [ModifiedDate], [Modifeby]) VALUES (4, N'Nhân viên bán hàng', N'nhan-vien-ban-hang', N'Gia Thuận', CAST(N'2023-12-05T21:04:16.637' AS DateTime), NULL, NULL)
SET IDENTITY_INSERT [dbo].[tb_Function] OFF
GO
SET IDENTITY_INSERT [dbo].[tb_Staff] ON 

INSERT [dbo].[tb_Staff] ([StaffId], [Code], [PhoneNumber], [NameStaff], [CitizenIdentificationCard], [Email], [Password], [Image], [Birthday], [Location], [DayofWork], [Wage], [Sex], [CreatedBy], [CreatedDate], [ModifiedBy], [ModifiedDate], [Clock], [FunctionId]) VALUES (1, N'171102', N'123', N'Huỳnh Thuận', N'123         ', N'thuanhuynh@gmail.com', N'202cb962ac59075b964b07152d234b70', NULL, CAST(N'2002-11-17' AS Date), N'ấp 4', CAST(N'2024-04-20' AS Date), CAST(1000000000.00 AS Decimal(18, 2)), N'Nam', N'Gia Thuan', CAST(N'2024-04-20T00:00:00.000' AS DateTime), N'Gia Thuan', CAST(N'2024-04-20T00:00:00.000' AS DateTime), 0, 1)
INSERT [dbo].[tb_Staff] ([StaffId], [Code], [PhoneNumber], [NameStaff], [CitizenIdentificationCard], [Email], [Password], [Image], [Birthday], [Location], [DayofWork], [Wage], [Sex], [CreatedBy], [CreatedDate], [ModifiedBy], [ModifiedDate], [Clock], [FunctionId]) VALUES (2, N'275408', N'0329867771', N'Huỳnh Thuận', N'12333       ', N'thuanhuynh941@gmail.com', N'202cb962ac59075b964b07152d234b70', NULL, CAST(N'2002-09-13' AS Date), N'ấp 4', CAST(N'2024-04-20' AS Date), CAST(8900000.00 AS Decimal(18, 2)), N'nam', NULL, CAST(N'2024-04-20T23:49:36.610' AS DateTime), NULL, CAST(N'2024-04-20T23:49:37.407' AS DateTime), 0, 1)
INSERT [dbo].[tb_Staff] ([StaffId], [Code], [PhoneNumber], [NameStaff], [CitizenIdentificationCard], [Email], [Password], [Image], [Birthday], [Location], [DayofWork], [Wage], [Sex], [CreatedBy], [CreatedDate], [ModifiedBy], [ModifiedDate], [Clock], [FunctionId]) VALUES (3, N'270853', N'077 2644673', N'Nhựt Duy', N'123         ', N'ngohoainhatduy2002@gmail.com', N'202cb962ac59075b964b07152d234b70', NULL, CAST(N'2002-09-13' AS Date), N'Tây Ninh', CAST(N'2024-04-21' AS Date), CAST(12000000.00 AS Decimal(18, 2)), N'Nữ', NULL, CAST(N'2024-04-21T00:09:38.227' AS DateTime), NULL, CAST(N'2024-04-21T00:09:38.227' AS DateTime), 0, 1)
SET IDENTITY_INSERT [dbo].[tb_Staff] OFF
GO
SET IDENTITY_INSERT [dbo].[tb_ProductDetailImage] ON 

INSERT [dbo].[tb_ProductDetailImage] ([ProductImageId], [ProductDetailId], [Image], [IsDefault]) VALUES (1, 1, N'/Uploads/images/Products/Iphone15/iphone-15-pro-max-blue-1-2-650x650.png', 1)
INSERT [dbo].[tb_ProductDetailImage] ([ProductImageId], [ProductDetailId], [Image], [IsDefault]) VALUES (2, 1, N'/Uploads/images/Products/Iphone15/iphone-15-pro-max-blue-titan-1-650x650.png', 1)
INSERT [dbo].[tb_ProductDetailImage] ([ProductImageId], [ProductDetailId], [Image], [IsDefault]) VALUES (3, 1, N'/Uploads/images/Products/Iphone15/iphone-15-pro-max-blue-titan-10-650x650.png', 1)
INSERT [dbo].[tb_ProductDetailImage] ([ProductImageId], [ProductDetailId], [Image], [IsDefault]) VALUES (4, 1, N'/Uploads/images/Products/Iphone15/iphone-15-pro-max-blue-titan-2-650x650.png', 1)
INSERT [dbo].[tb_ProductDetailImage] ([ProductImageId], [ProductDetailId], [Image], [IsDefault]) VALUES (5, 1, N'/Uploads/images/Products/Iphone15/iphone-15-pro-max-blue-titan-3-650x650.png', 1)
INSERT [dbo].[tb_ProductDetailImage] ([ProductImageId], [ProductDetailId], [Image], [IsDefault]) VALUES (6, 1, N'/Uploads/images/Products/Iphone15/iphone-15-pro-max-blue-titan-4-650x650.png', 1)
INSERT [dbo].[tb_ProductDetailImage] ([ProductImageId], [ProductDetailId], [Image], [IsDefault]) VALUES (7, 1, N'/Uploads/images/Products/Iphone15/iphone-15-pro-max-blue-titan-5-650x650.png', 1)
INSERT [dbo].[tb_ProductDetailImage] ([ProductImageId], [ProductDetailId], [Image], [IsDefault]) VALUES (8, 1, N'/Uploads/images/Products/Iphone15/iphone-15-pro-max-blue-titan-5-650x650.png', 1)
INSERT [dbo].[tb_ProductDetailImage] ([ProductImageId], [ProductDetailId], [Image], [IsDefault]) VALUES (9, 1, N'/Uploads/images/Products/Iphone15/iphone-15-pro-max-blue-titan-6-650x650.png', 1)
INSERT [dbo].[tb_ProductDetailImage] ([ProductImageId], [ProductDetailId], [Image], [IsDefault]) VALUES (10, 1, N'/Uploads/images/Products/Iphone15/iphone-15-pro-max-blue-titan-8-650x650.png', 1)
INSERT [dbo].[tb_ProductDetailImage] ([ProductImageId], [ProductDetailId], [Image], [IsDefault]) VALUES (11, 1, N'/Uploads/images/Products/Iphone15/iphone-15-pro-max-blue-titan-9-650x650.png', 1)
INSERT [dbo].[tb_ProductDetailImage] ([ProductImageId], [ProductDetailId], [Image], [IsDefault]) VALUES (12, 2, N'/Uploads/images/Products/Iphone15/iphone-15-pro-trang-0-650x650.png', 1)
INSERT [dbo].[tb_ProductDetailImage] ([ProductImageId], [ProductDetailId], [Image], [IsDefault]) VALUES (13, 2, N'/Uploads/images/Products/Iphone15/iphone-15-pro-trang-2-650x650.png', 1)
INSERT [dbo].[tb_ProductDetailImage] ([ProductImageId], [ProductDetailId], [Image], [IsDefault]) VALUES (14, 2, N'/Uploads/images/Products/Iphone15/iphone-15-pro-white-1-650x650(1).png', 1)
INSERT [dbo].[tb_ProductDetailImage] ([ProductImageId], [ProductDetailId], [Image], [IsDefault]) VALUES (15, 2, N'/Uploads/images/Products/Iphone15/iphone-15-pro-max-blue-titan-10-650x650.png', 1)
INSERT [dbo].[tb_ProductDetailImage] ([ProductImageId], [ProductDetailId], [Image], [IsDefault]) VALUES (16, 2, N'/Uploads/images/Products/Iphone15/iphone-15-pro-max-blue-titan-6-650x650.png', 1)
INSERT [dbo].[tb_ProductDetailImage] ([ProductImageId], [ProductDetailId], [Image], [IsDefault]) VALUES (17, 2, N'/Uploads/images/Products/Iphone15/iphone-15-pro-max-blue-titan-8-650x650.png', 1)
INSERT [dbo].[tb_ProductDetailImage] ([ProductImageId], [ProductDetailId], [Image], [IsDefault]) VALUES (18, 2, N'/Uploads/images/Products/Iphone15/iphone-15-pro-max-blue-titan-9-650x650.png', 1)
INSERT [dbo].[tb_ProductDetailImage] ([ProductImageId], [ProductDetailId], [Image], [IsDefault]) VALUES (19, 3, N'/Uploads/images/Products/MacBookAir13M12020/grey-1-org.png', 1)
INSERT [dbo].[tb_ProductDetailImage] ([ProductImageId], [ProductDetailId], [Image], [IsDefault]) VALUES (20, 3, N'/Uploads/images/Products/MacBookAir13M12020/grey-2-org.png', 1)
INSERT [dbo].[tb_ProductDetailImage] ([ProductImageId], [ProductDetailId], [Image], [IsDefault]) VALUES (21, 3, N'/Uploads/images/Products/MacBookAir13M12020/grey-3-org.png', 1)
INSERT [dbo].[tb_ProductDetailImage] ([ProductImageId], [ProductDetailId], [Image], [IsDefault]) VALUES (22, 3, N'/Uploads/images/Products/MacBookAir13M12020/grey-4-org.png', 1)
INSERT [dbo].[tb_ProductDetailImage] ([ProductImageId], [ProductDetailId], [Image], [IsDefault]) VALUES (23, 3, N'/Uploads/images/Products/MacBookAir13M12020/grey-5-org.png', 1)
INSERT [dbo].[tb_ProductDetailImage] ([ProductImageId], [ProductDetailId], [Image], [IsDefault]) VALUES (24, 4, N'/Uploads/images/Products/MacBookAir13M12020/grey-1-org.png', 1)
INSERT [dbo].[tb_ProductDetailImage] ([ProductImageId], [ProductDetailId], [Image], [IsDefault]) VALUES (25, 4, N'/Uploads/images/Products/MacBookAir13M12020/grey-2-org.png', 1)
INSERT [dbo].[tb_ProductDetailImage] ([ProductImageId], [ProductDetailId], [Image], [IsDefault]) VALUES (26, 4, N'/Uploads/images/Products/MacBookAir13M12020/grey-3-org.png', 1)
INSERT [dbo].[tb_ProductDetailImage] ([ProductImageId], [ProductDetailId], [Image], [IsDefault]) VALUES (27, 4, N'/Uploads/images/Products/MacBookAir13M12020/grey-4-org.png', 1)
INSERT [dbo].[tb_ProductDetailImage] ([ProductImageId], [ProductDetailId], [Image], [IsDefault]) VALUES (28, 4, N'/Uploads/images/Products/MacBookAir13M12020/grey-5-org.png', 1)
INSERT [dbo].[tb_ProductDetailImage] ([ProductImageId], [ProductDetailId], [Image], [IsDefault]) VALUES (29, 5, N'/Uploads/images/Products/Iphone15/iphone-15-pro-max-black-1-2-650x650.png', 1)
INSERT [dbo].[tb_ProductDetailImage] ([ProductImageId], [ProductDetailId], [Image], [IsDefault]) VALUES (30, 5, N'/Uploads/images/Products/Iphone15/iphone-15-pro-max-black-titan-1-650x650.png', 1)
INSERT [dbo].[tb_ProductDetailImage] ([ProductImageId], [ProductDetailId], [Image], [IsDefault]) VALUES (31, 5, N'/Uploads/images/Products/Iphone15/iphone-15-pro-max-black-titan-2-650x650.png', 1)
INSERT [dbo].[tb_ProductDetailImage] ([ProductImageId], [ProductDetailId], [Image], [IsDefault]) VALUES (32, 5, N'/Uploads/images/Products/Iphone15/iphone-15-pro-max-black-titan-3-650x650.png', 1)
INSERT [dbo].[tb_ProductDetailImage] ([ProductImageId], [ProductDetailId], [Image], [IsDefault]) VALUES (33, 5, N'/Uploads/images/Products/Iphone15/iphone-15-pro-max-black-titan-5-650x650.png', 1)
INSERT [dbo].[tb_ProductDetailImage] ([ProductImageId], [ProductDetailId], [Image], [IsDefault]) VALUES (34, 6, N'/Uploads/images/Products/MacBookAir15inchM2/apple-macbook-air-15-inch-m2-2023-gray-1.png', 1)
INSERT [dbo].[tb_ProductDetailImage] ([ProductImageId], [ProductDetailId], [Image], [IsDefault]) VALUES (35, 6, N'/Uploads/images/Products/MacBookAir15inchM2/apple-macbook-air-15-inch-m2-2023-gray-2.png', 1)
INSERT [dbo].[tb_ProductDetailImage] ([ProductImageId], [ProductDetailId], [Image], [IsDefault]) VALUES (36, 6, N'/Uploads/images/Products/MacBookAir15inchM2/apple-macbook-air-15-inch-m2-2023-gray-3.png', 1)
INSERT [dbo].[tb_ProductDetailImage] ([ProductImageId], [ProductDetailId], [Image], [IsDefault]) VALUES (37, 6, N'/Uploads/images/Products/MacBookAir15inchM2/apple-macbook-air-15-inch-m2-2023-gray-4.png', 1)
INSERT [dbo].[tb_ProductDetailImage] ([ProductImageId], [ProductDetailId], [Image], [IsDefault]) VALUES (38, 6, N'/Uploads/images/Products/MacBookAir15inchM2/apple-macbook-air-15-inch-m2-2023-gray-5.png', 1)
INSERT [dbo].[tb_ProductDetailImage] ([ProductImageId], [ProductDetailId], [Image], [IsDefault]) VALUES (39, 6, N'/Uploads/images/Products/MacBookAir15inchM2/apple-macbook-air-15-inch-m2-2023-gray-6.png', 1)
INSERT [dbo].[tb_ProductDetailImage] ([ProductImageId], [ProductDetailId], [Image], [IsDefault]) VALUES (40, 6, N'/Uploads/images/Products/MacBookAir15inchM2/apple-macbook-air-15-inch-m2-2023-gray-7.png', 1)
INSERT [dbo].[tb_ProductDetailImage] ([ProductImageId], [ProductDetailId], [Image], [IsDefault]) VALUES (41, 7, N'/Uploads/images/Products/Iphon14ProMax/iphone-14-pro-max-tim-thumb-600x600.jpg', 1)
INSERT [dbo].[tb_ProductDetailImage] ([ProductImageId], [ProductDetailId], [Image], [IsDefault]) VALUES (42, 7, N'/Uploads/images/Products/Iphon14ProMax/iphone_14_pro_max_pdp_position-1_deep_purple_color-1-650x650.png', 1)
INSERT [dbo].[tb_ProductDetailImage] ([ProductImageId], [ProductDetailId], [Image], [IsDefault]) VALUES (43, 7, N'/Uploads/images/Products/Iphon14ProMax/iphone_14_pro_max_pdp_position-2_design-2-3-650x650.png', 1)
INSERT [dbo].[tb_ProductDetailImage] ([ProductImageId], [ProductDetailId], [Image], [IsDefault]) VALUES (44, 7, N'/Uploads/images/Products/Iphon14ProMax/iphone_14_pro_max_pdp_position-3_camera-3-3-650x650.png', 1)
INSERT [dbo].[tb_ProductDetailImage] ([ProductImageId], [ProductDetailId], [Image], [IsDefault]) VALUES (45, 7, N'/Uploads/images/Products/Iphon14ProMax/iphone_14_pro_max_pdp_position-4_design_detail-4-3-650x650.png', 1)
INSERT [dbo].[tb_ProductDetailImage] ([ProductImageId], [ProductDetailId], [Image], [IsDefault]) VALUES (46, 7, N'/Uploads/images/Products/Iphon14ProMax/iphone_14_pro_max_pdp_position-5_colors-5-3-650x650.png', 1)
INSERT [dbo].[tb_ProductDetailImage] ([ProductImageId], [ProductDetailId], [Image], [IsDefault]) VALUES (47, 7, N'/Uploads/images/Products/Iphon14ProMax/iphone_14_pro_max_pdp_position-6_dynamic_island-6-3-650x650.png', 1)
INSERT [dbo].[tb_ProductDetailImage] ([ProductImageId], [ProductDetailId], [Image], [IsDefault]) VALUES (48, 7, N'/Uploads/images/Products/Iphon14ProMax/iphone_14_pro_max_pdp_position-7_featuresspecs-7-3-650x650.png', 1)
INSERT [dbo].[tb_ProductDetailImage] ([ProductImageId], [ProductDetailId], [Image], [IsDefault]) VALUES (49, 7, N'/Uploads/images/Products/Iphon14ProMax/iphone_14_pro_max_pdp_position-8_accessory-8-3-650x650.png', 1)
INSERT [dbo].[tb_ProductDetailImage] ([ProductImageId], [ProductDetailId], [Image], [IsDefault]) VALUES (50, 7, N'/Uploads/images/Products/Iphon14ProMax/iphone_14_pro_max_pdp_position-9_typec_lightning_cable_-9-3-650x650.png', 1)
INSERT [dbo].[tb_ProductDetailImage] ([ProductImageId], [ProductDetailId], [Image], [IsDefault]) VALUES (51, 8, N'/Uploads/images/Products/S24Ultra5G/samsung-galaxy-s24-ultra-xam-11.jpg', 1)
INSERT [dbo].[tb_ProductDetailImage] ([ProductImageId], [ProductDetailId], [Image], [IsDefault]) VALUES (52, 8, N'/Uploads/images/Products/S24Ultra5G/samsung-galaxy-s24-ultra-xam-1.png', 1)
INSERT [dbo].[tb_ProductDetailImage] ([ProductImageId], [ProductDetailId], [Image], [IsDefault]) VALUES (53, 8, N'/Uploads/images/Products/S24Ultra5G/samsung-galaxy-s24-ultra-xam-2.png', 1)
INSERT [dbo].[tb_ProductDetailImage] ([ProductImageId], [ProductDetailId], [Image], [IsDefault]) VALUES (54, 8, N'/Uploads/images/Products/S24Ultra5G/samsung-galaxy-s24-ultra-xam-3.png', 1)
INSERT [dbo].[tb_ProductDetailImage] ([ProductImageId], [ProductDetailId], [Image], [IsDefault]) VALUES (55, 8, N'/Uploads/images/Products/S24Ultra5G/samsung-galaxy-s24-ultra-xam-4.jpg', 1)
INSERT [dbo].[tb_ProductDetailImage] ([ProductImageId], [ProductDetailId], [Image], [IsDefault]) VALUES (56, 8, N'/Uploads/images/Products/S24Ultra5G/samsung-galaxy-s24-ultra-xam-5.jpg', 1)
INSERT [dbo].[tb_ProductDetailImage] ([ProductImageId], [ProductDetailId], [Image], [IsDefault]) VALUES (57, 8, N'/Uploads/images/Products/S24Ultra5G/samsung-galaxy-s24-ultra-xam-6.jpg', 1)
INSERT [dbo].[tb_ProductDetailImage] ([ProductImageId], [ProductDetailId], [Image], [IsDefault]) VALUES (58, 8, N'/Uploads/images/Products/S24Ultra5G/samsung-galaxy-s24-ultra-xam-13.jpg', 1)
INSERT [dbo].[tb_ProductDetailImage] ([ProductImageId], [ProductDetailId], [Image], [IsDefault]) VALUES (59, 8, N'/Uploads/images/Products/S24Ultra5G/samsung-galaxy-s24-ultra-xam-14.jpg', 1)
INSERT [dbo].[tb_ProductDetailImage] ([ProductImageId], [ProductDetailId], [Image], [IsDefault]) VALUES (60, 8, N'/Uploads/images/Products/S24Ultra5G/samsung-galaxy-s24-ultra-xam-7.jpg', 1)
INSERT [dbo].[tb_ProductDetailImage] ([ProductImageId], [ProductDetailId], [Image], [IsDefault]) VALUES (61, 8, N'/Uploads/images/Products/S24Ultra5G/samsung-galaxy-s24-ultra-xam-8.jpg', 1)
INSERT [dbo].[tb_ProductDetailImage] ([ProductImageId], [ProductDetailId], [Image], [IsDefault]) VALUES (62, 8, N'/Uploads/images/Products/S24Ultra5G/samsung-galaxy-s24-ultra-xam-9.jpg', 1)
INSERT [dbo].[tb_ProductDetailImage] ([ProductImageId], [ProductDetailId], [Image], [IsDefault]) VALUES (63, 9, N'/Uploads/images/Products/SamsungGalaxyS24/samsung-galaxy-s24-plus-tim-1.jpg', 1)
INSERT [dbo].[tb_ProductDetailImage] ([ProductImageId], [ProductDetailId], [Image], [IsDefault]) VALUES (64, 9, N'/Uploads/images/Products/SamsungGalaxyS24/samsung-galaxy-s24-plus-tim-11.jpg', 1)
INSERT [dbo].[tb_ProductDetailImage] ([ProductImageId], [ProductDetailId], [Image], [IsDefault]) VALUES (65, 9, N'/Uploads/images/Products/SamsungGalaxyS24/samsung-galaxy-s24-plus-tim-2.jpg', 1)
INSERT [dbo].[tb_ProductDetailImage] ([ProductImageId], [ProductDetailId], [Image], [IsDefault]) VALUES (66, 9, N'/Uploads/images/Products/SamsungGalaxyS24/samsung-galaxy-s24-plus-tim-3.jpg', 1)
INSERT [dbo].[tb_ProductDetailImage] ([ProductImageId], [ProductDetailId], [Image], [IsDefault]) VALUES (67, 9, N'/Uploads/images/Products/SamsungGalaxyS24/samsung-galaxy-s24-plus-tim-4-1.jpg', 1)
INSERT [dbo].[tb_ProductDetailImage] ([ProductImageId], [ProductDetailId], [Image], [IsDefault]) VALUES (68, 9, N'/Uploads/images/Products/SamsungGalaxyS24/samsung-galaxy-s24-plus-tim-5.jpg', 1)
INSERT [dbo].[tb_ProductDetailImage] ([ProductImageId], [ProductDetailId], [Image], [IsDefault]) VALUES (69, 9, N'/Uploads/images/Products/SamsungGalaxyS24/samsung-galaxy-s24-plus-tim-6.jpg', 1)
INSERT [dbo].[tb_ProductDetailImage] ([ProductImageId], [ProductDetailId], [Image], [IsDefault]) VALUES (70, 9, N'/Uploads/images/Products/SamsungGalaxyS24/samsung-galaxy-s24-plus-tim-7.jpg', 1)
INSERT [dbo].[tb_ProductDetailImage] ([ProductImageId], [ProductDetailId], [Image], [IsDefault]) VALUES (71, 9, N'/Uploads/images/Products/SamsungGalaxyS24/samsung-galaxy-s24-plus-tim-8.jpg', 1)
INSERT [dbo].[tb_ProductDetailImage] ([ProductImageId], [ProductDetailId], [Image], [IsDefault]) VALUES (72, 9, N'/Uploads/images/Products/SamsungGalaxyS24/samsung-galaxy-s24-plus-tim-9.jpg', 1)
INSERT [dbo].[tb_ProductDetailImage] ([ProductImageId], [ProductDetailId], [Image], [IsDefault]) VALUES (73, 10, N'/Uploads/images/Products/GalaxyS24/samsung-galaxy-s24-ultra-den-1.jpg', 1)
INSERT [dbo].[tb_ProductDetailImage] ([ProductImageId], [ProductDetailId], [Image], [IsDefault]) VALUES (74, 10, N'/Uploads/images/Products/GalaxyS24/samsung-galaxy-s24-ultra-den-10.jpg', 1)
INSERT [dbo].[tb_ProductDetailImage] ([ProductImageId], [ProductDetailId], [Image], [IsDefault]) VALUES (75, 10, N'/Uploads/images/Products/GalaxyS24/samsung-galaxy-s24-ultra-den-11.jpg', 1)
INSERT [dbo].[tb_ProductDetailImage] ([ProductImageId], [ProductDetailId], [Image], [IsDefault]) VALUES (76, 10, N'/Uploads/images/Products/GalaxyS24/samsung-galaxy-s24-ultra-den-2.jpg', 1)
INSERT [dbo].[tb_ProductDetailImage] ([ProductImageId], [ProductDetailId], [Image], [IsDefault]) VALUES (77, 10, N'/Uploads/images/Products/GalaxyS24/samsung-galaxy-s24-ultra-den-3.jpg', 1)
INSERT [dbo].[tb_ProductDetailImage] ([ProductImageId], [ProductDetailId], [Image], [IsDefault]) VALUES (78, 10, N'/Uploads/images/Products/GalaxyS24/samsung-galaxy-s24-ultra-den-4.jpg', 1)
INSERT [dbo].[tb_ProductDetailImage] ([ProductImageId], [ProductDetailId], [Image], [IsDefault]) VALUES (79, 10, N'/Uploads/images/Products/GalaxyS24/samsung-galaxy-s24-ultra-den-5.jpg', 1)
INSERT [dbo].[tb_ProductDetailImage] ([ProductImageId], [ProductDetailId], [Image], [IsDefault]) VALUES (80, 10, N'/Uploads/images/Products/GalaxyS24/samsung-galaxy-s24-ultra-den-7.jpg', 1)
INSERT [dbo].[tb_ProductDetailImage] ([ProductImageId], [ProductDetailId], [Image], [IsDefault]) VALUES (81, 10, N'/Uploads/images/Products/GalaxyS24/samsung-galaxy-s24-ultra-den-8.jpg', 1)
INSERT [dbo].[tb_ProductDetailImage] ([ProductImageId], [ProductDetailId], [Image], [IsDefault]) VALUES (82, 10, N'/Uploads/images/Products/GalaxyS24/samsung-galaxy-s24-ultra-den-9.jpg', 1)
INSERT [dbo].[tb_ProductDetailImage] ([ProductImageId], [ProductDetailId], [Image], [IsDefault]) VALUES (83, 10, N'/Uploads/images/Products/GalaxyS24/samsung-galaxy-s24-ultra-tim-1.jpg', 1)
INSERT [dbo].[tb_ProductDetailImage] ([ProductImageId], [ProductDetailId], [Image], [IsDefault]) VALUES (84, 11, N'/Uploads/images/Products/GalaxyS24/samsung-galaxy-s24-plus-tim-4-1-.png', 1)
INSERT [dbo].[tb_ProductDetailImage] ([ProductImageId], [ProductDetailId], [Image], [IsDefault]) VALUES (85, 12, N'/Uploads/images/Products/Air13inchM2/apple-macbook-air-m2-2022-16gb-2-1.jpg', 1)
INSERT [dbo].[tb_ProductDetailImage] ([ProductImageId], [ProductDetailId], [Image], [IsDefault]) VALUES (86, 12, N'/Uploads/images/Products/Air13inchM2/apple-macbook-air-m2-2022-16gb-3-1.jpg', 1)
INSERT [dbo].[tb_ProductDetailImage] ([ProductImageId], [ProductDetailId], [Image], [IsDefault]) VALUES (87, 12, N'/Uploads/images/Products/Air13inchM2/apple-macbook-air-m2-2022-16gb-4-1.png', 1)
INSERT [dbo].[tb_ProductDetailImage] ([ProductImageId], [ProductDetailId], [Image], [IsDefault]) VALUES (88, 12, N'/Uploads/images/Products/Air13inchM2/apple-macbook-air-m2-2022-16gb-5-1.png', 1)
INSERT [dbo].[tb_ProductDetailImage] ([ProductImageId], [ProductDetailId], [Image], [IsDefault]) VALUES (89, 12, N'/Uploads/images/Products/Air13inchM2/apple-macbook-air-m2-2022-16gb-6.png', 1)
INSERT [dbo].[tb_ProductDetailImage] ([ProductImageId], [ProductDetailId], [Image], [IsDefault]) VALUES (90, 13, N'/Uploads/images/Products/iMac24inchM3/imac-24-inch-2023-4-5k-m3-green-2-650x650.png', 1)
INSERT [dbo].[tb_ProductDetailImage] ([ProductImageId], [ProductDetailId], [Image], [IsDefault]) VALUES (91, 13, N'/Uploads/images/Products/iMac24inchM3/imac-24-inch-2023-4-5k-m3-green-3-650x650.png', 1)
INSERT [dbo].[tb_ProductDetailImage] ([ProductImageId], [ProductDetailId], [Image], [IsDefault]) VALUES (92, 13, N'/Uploads/images/Products/iMac24inchM3/imac-m3-green-thumb-650x650%20(1).png', 1)
INSERT [dbo].[tb_ProductDetailImage] ([ProductImageId], [ProductDetailId], [Image], [IsDefault]) VALUES (93, 13, N'/Uploads/images/Products/iMac24inchM3/imac-24-inch-2023-4-5k-m3-green-4-650x650.png', 1)
INSERT [dbo].[tb_ProductDetailImage] ([ProductImageId], [ProductDetailId], [Image], [IsDefault]) VALUES (94, 13, N'/Uploads/images/Products/iMac24inchM3/imac-24-inch-2023-4-5k-m3-green-8-650x650.png', 1)
INSERT [dbo].[tb_ProductDetailImage] ([ProductImageId], [ProductDetailId], [Image], [IsDefault]) VALUES (95, 14, N'/Uploads/images/Products/iMac24inchM3/imac-24-inch-2023-4-5k-m3-red-4-650x650.png', 1)
INSERT [dbo].[tb_ProductDetailImage] ([ProductImageId], [ProductDetailId], [Image], [IsDefault]) VALUES (96, 14, N'/Uploads/images/Products/iMac24inchM3/imac-24-inch-2023-4-5k-m3-red-9-650x650.png', 1)
INSERT [dbo].[tb_ProductDetailImage] ([ProductImageId], [ProductDetailId], [Image], [IsDefault]) VALUES (97, 14, N'/Uploads/images/Products/iMac24inchM3/imac-24-inch-2023-4-5k-m3-green-8-650x650.png', 1)
INSERT [dbo].[tb_ProductDetailImage] ([ProductImageId], [ProductDetailId], [Image], [IsDefault]) VALUES (98, 15, N'/Uploads/images/Products/SamsungGalaxyWatch5/samsung-galaxy-watch5-tn-600x600-removebg-preview.png', 1)
INSERT [dbo].[tb_ProductDetailImage] ([ProductImageId], [ProductDetailId], [Image], [IsDefault]) VALUES (99, 15, N'/Uploads/images/Products/SamsungGalaxyWatch5/samsung-galaxy-watch-5-40-mm-bac-4-1.jpg', 1)
GO
INSERT [dbo].[tb_ProductDetailImage] ([ProductImageId], [ProductDetailId], [Image], [IsDefault]) VALUES (100, 15, N'/Uploads/images/Products/SamsungGalaxyWatch5/samsung-galaxy-watch-5-40-mm-bac-3.jpg', 1)
INSERT [dbo].[tb_ProductDetailImage] ([ProductImageId], [ProductDetailId], [Image], [IsDefault]) VALUES (101, 15, N'/Uploads/images/Products/SamsungGalaxyWatch5/samsung-galaxy-watch-5-40-mm-bac-2.jpg', 1)
INSERT [dbo].[tb_ProductDetailImage] ([ProductImageId], [ProductDetailId], [Image], [IsDefault]) VALUES (102, 16, N'/Uploads/images/Products/AppleWatchSE2022/apple-watch-se-2022-44mm-vien-nhom-3%20(1).jpg', 1)
INSERT [dbo].[tb_ProductDetailImage] ([ProductImageId], [ProductDetailId], [Image], [IsDefault]) VALUES (103, 16, N'/Uploads/images/Products/AppleWatchSE2022/apple-watch-se-2022-44mm-vien-nhom-xanh-thumbn-600x600-removebg-preview.png', 1)
INSERT [dbo].[tb_ProductDetailImage] ([ProductImageId], [ProductDetailId], [Image], [IsDefault]) VALUES (104, 17, N'/Uploads/images/Products/AppleWatchSeries9GPS41mm/apple-watch-s9-41mm-vien-nhom-day-vai-hong-2.jpg', 1)
INSERT [dbo].[tb_ProductDetailImage] ([ProductImageId], [ProductDetailId], [Image], [IsDefault]) VALUES (105, 17, N'/Uploads/images/Products/AppleWatchSeries9GPS41mm/apple-watch-s9-41mm-vien-nhom-day-vai-hong-3.jpg', 1)
INSERT [dbo].[tb_ProductDetailImage] ([ProductImageId], [ProductDetailId], [Image], [IsDefault]) VALUES (106, 17, N'/Uploads/images/Products/AppleWatchSeries9GPS41mm/apple-watch-s9-41mm-vien-nhom-day-vai-hong-thumb-1-600x600.jpg', 1)
INSERT [dbo].[tb_ProductDetailImage] ([ProductImageId], [ProductDetailId], [Image], [IsDefault]) VALUES (107, 18, N'/Uploads/images/Products/Watch5Pro45mm/sam-sung-galaxy-watch-5-pro-xam-1.jpg', 1)
INSERT [dbo].[tb_ProductDetailImage] ([ProductImageId], [ProductDetailId], [Image], [IsDefault]) VALUES (108, 18, N'/Uploads/images/Products/Watch5Pro45mm/sam-sung-galaxy-watch-5-pro-xam-4(1).jpg', 1)
INSERT [dbo].[tb_ProductDetailImage] ([ProductImageId], [ProductDetailId], [Image], [IsDefault]) VALUES (109, 18, N'/Uploads/images/Products/Watch5Pro45mm/sam-sung-galaxy-watch-5-pro-xam-4.jpg', 1)
INSERT [dbo].[tb_ProductDetailImage] ([ProductImageId], [ProductDetailId], [Image], [IsDefault]) VALUES (110, 18, N'/Uploads/images/Products/Watch5Pro45mm/sam-sung-galaxy-watch-5-pro-xam-5.jpg', 1)
INSERT [dbo].[tb_ProductDetailImage] ([ProductImageId], [ProductDetailId], [Image], [IsDefault]) VALUES (111, 18, N'/Uploads/images/Products/Watch5Pro45mm/samsung-galaxy-watch5-pro-xam-tn-600x600.jpg', 1)
INSERT [dbo].[tb_ProductDetailImage] ([ProductImageId], [ProductDetailId], [Image], [IsDefault]) VALUES (112, 19, N'/Uploads/images/Products/M2129inch/ipad-pro-m2-12_5-wifi-xam-thumb-600x600.jpg', 1)
INSERT [dbo].[tb_ProductDetailImage] ([ProductImageId], [ProductDetailId], [Image], [IsDefault]) VALUES (113, 19, N'/Uploads/images/Products/M2129inch/ipad-pro-m2-wifi-xam-1.jpg', 1)
INSERT [dbo].[tb_ProductDetailImage] ([ProductImageId], [ProductDetailId], [Image], [IsDefault]) VALUES (114, 19, N'/Uploads/images/Products/M2129inch/ipad-pro-m2-wifi-xam-2.jpg', 1)
INSERT [dbo].[tb_ProductDetailImage] ([ProductImageId], [ProductDetailId], [Image], [IsDefault]) VALUES (115, 19, N'/Uploads/images/Products/M2129inch/ipad-pro-m2-wifi-xam-4.jpg', 1)
INSERT [dbo].[tb_ProductDetailImage] ([ProductImageId], [ProductDetailId], [Image], [IsDefault]) VALUES (116, 20, N'/Uploads/images/Products/iPadmini%206WiFi/ipad-mini-6-wifi-cellular-starlight-1-600x600.jpg', 1)
INSERT [dbo].[tb_ProductDetailImage] ([ProductImageId], [ProductDetailId], [Image], [IsDefault]) VALUES (117, 20, N'/Uploads/images/Products/iPadmini%206WiFi/ipad-mini-6-wifi-cellular-7.jpg', 1)
INSERT [dbo].[tb_ProductDetailImage] ([ProductImageId], [ProductDetailId], [Image], [IsDefault]) VALUES (118, 20, N'/Uploads/images/Products/iPadmini%206WiFi/ipad-mini-6-wifi-cellular-6.jpg', 1)
INSERT [dbo].[tb_ProductDetailImage] ([ProductImageId], [ProductDetailId], [Image], [IsDefault]) VALUES (119, 20, N'/Uploads/images/Products/iPadmini%206WiFi/ipad-mini-6-wifi-cellular-5-4.jpg', 1)
INSERT [dbo].[tb_ProductDetailImage] ([ProductImageId], [ProductDetailId], [Image], [IsDefault]) VALUES (120, 20, N'/Uploads/images/Products/iPadmini%206WiFi/ipad-mini-6-wifi-cellular-4.jpg', 1)
INSERT [dbo].[tb_ProductDetailImage] ([ProductImageId], [ProductDetailId], [Image], [IsDefault]) VALUES (121, 20, N'/Uploads/images/Products/iPadmini%206WiFi/ipad-mini-6-wifi-cellular-3.jpg', 1)
INSERT [dbo].[tb_ProductDetailImage] ([ProductImageId], [ProductDetailId], [Image], [IsDefault]) VALUES (122, 20, N'/Uploads/images/Products/iPadmini%206WiFi/ipad-mini-6-wifi-cellular-2.jpg', 1)
INSERT [dbo].[tb_ProductDetailImage] ([ProductImageId], [ProductDetailId], [Image], [IsDefault]) VALUES (123, 20, N'/Uploads/images/Products/iPadmini%206WiFi/ipad-mini-6-wifi-cellular-10.jpg', 1)
INSERT [dbo].[tb_ProductDetailImage] ([ProductImageId], [ProductDetailId], [Image], [IsDefault]) VALUES (124, 20, N'/Uploads/images/Products/iPadmini%206WiFi/ipad-mini-6-wifi-cellular-1.jpg', 1)
INSERT [dbo].[tb_ProductDetailImage] ([ProductImageId], [ProductDetailId], [Image], [IsDefault]) VALUES (125, 21, N'/Uploads/images/Products/GalaxyTabS9/samsung-galaxy-tab-s9-plus-thumbnew-600x600.jpg', 1)
INSERT [dbo].[tb_ProductDetailImage] ([ProductImageId], [ProductDetailId], [Image], [IsDefault]) VALUES (126, 21, N'/Uploads/images/Products/GalaxyTabS9/samsung-galaxy-tab-s9-plus-5g-256gb-bac-14.jpg', 1)
INSERT [dbo].[tb_ProductDetailImage] ([ProductImageId], [ProductDetailId], [Image], [IsDefault]) VALUES (127, 21, N'/Uploads/images/Products/GalaxyTabS9/samsung-galaxy-tab-s9-plus-5g-256gb-bac-12.jpg', 1)
INSERT [dbo].[tb_ProductDetailImage] ([ProductImageId], [ProductDetailId], [Image], [IsDefault]) VALUES (128, 21, N'/Uploads/images/Products/GalaxyTabS9/samsung-galaxy-tab-s9-plus-5g-256gb-bac-6.jpg', 1)
INSERT [dbo].[tb_ProductDetailImage] ([ProductImageId], [ProductDetailId], [Image], [IsDefault]) VALUES (129, 21, N'/Uploads/images/Products/GalaxyTabS9/samsung-galaxy-tab-s9-plus-5g-256gb-bac-8.jpg', 1)
INSERT [dbo].[tb_ProductDetailImage] ([ProductImageId], [ProductDetailId], [Image], [IsDefault]) VALUES (130, 22, N'/Uploads/images/Products/Iphon14ProMax/iphone-14-pro-black-650x650.png', 1)
INSERT [dbo].[tb_ProductDetailImage] ([ProductImageId], [ProductDetailId], [Image], [IsDefault]) VALUES (131, 22, N'/Uploads/images/Products/Iphon14ProMax/iphone_14_pro_pdp_position-1a_space_black_color-0-650x650.png', 1)
INSERT [dbo].[tb_ProductDetailImage] ([ProductImageId], [ProductDetailId], [Image], [IsDefault]) VALUES (132, 22, N'/Uploads/images/Products/Iphon14ProMax/iphone_14_pro_pdp_position-2_design-2-650x650(1).png', 1)
INSERT [dbo].[tb_ProductDetailImage] ([ProductImageId], [ProductDetailId], [Image], [IsDefault]) VALUES (133, 22, N'/Uploads/images/Products/Iphon14ProMax/iphone_14_pro_pdp_position-1a_space_black_color-1-650x650.png', 1)
INSERT [dbo].[tb_ProductDetailImage] ([ProductImageId], [ProductDetailId], [Image], [IsDefault]) VALUES (134, 22, N'/Uploads/images/Products/Iphon14ProMax/iphone_14_pro_pdp_position-3_camera-3-650x650.png', 1)
INSERT [dbo].[tb_ProductDetailImage] ([ProductImageId], [ProductDetailId], [Image], [IsDefault]) VALUES (135, 22, N'/Uploads/images/Products/Iphon14ProMax/iphone_14_pro_pdp_position-4_design_detail-4-650x650.png', 1)
INSERT [dbo].[tb_ProductDetailImage] ([ProductImageId], [ProductDetailId], [Image], [IsDefault]) VALUES (136, 22, N'/Uploads/images/Products/Iphon14ProMax/iphone_14_pro_max_pdp_position-5_colors-5-3-650x650.png', 1)
INSERT [dbo].[tb_ProductDetailImage] ([ProductImageId], [ProductDetailId], [Image], [IsDefault]) VALUES (137, 22, N'/Uploads/images/Products/Iphon14ProMax/iphone_14_pro_max_pdp_position-6_dynamic_island-6-3-650x650.png', 1)
INSERT [dbo].[tb_ProductDetailImage] ([ProductImageId], [ProductDetailId], [Image], [IsDefault]) VALUES (138, 22, N'/Uploads/images/Products/Iphon14ProMax/iphone_14_pro_max_pdp_position-7_featuresspecs-7-3-650x650.png', 1)
INSERT [dbo].[tb_ProductDetailImage] ([ProductImageId], [ProductDetailId], [Image], [IsDefault]) VALUES (139, 22, N'/Uploads/images/Products/Iphon14ProMax/iphone_14_pro_max_pdp_position-8_accessory-8-3-650x650.png', 1)
INSERT [dbo].[tb_ProductDetailImage] ([ProductImageId], [ProductDetailId], [Image], [IsDefault]) VALUES (140, 23, N'/Uploads/images/Products/Iphone15/iphone-15-pro-max-blue-1-2-650x650.png', 1)
INSERT [dbo].[tb_ProductDetailImage] ([ProductImageId], [ProductDetailId], [Image], [IsDefault]) VALUES (141, 23, N'/Uploads/images/Products/Iphone15/iphone-15-pro-max-blue-titan-2-650x650.png', 1)
INSERT [dbo].[tb_ProductDetailImage] ([ProductImageId], [ProductDetailId], [Image], [IsDefault]) VALUES (142, 23, N'/Uploads/images/Products/Iphone15/iphone-15-pro-max-blue-titan-3-650x650.png', 1)
INSERT [dbo].[tb_ProductDetailImage] ([ProductImageId], [ProductDetailId], [Image], [IsDefault]) VALUES (143, 23, N'/Uploads/images/Products/Iphone15/iphone-15-pro-max-blue-titan-4-650x650.png', 1)
INSERT [dbo].[tb_ProductDetailImage] ([ProductImageId], [ProductDetailId], [Image], [IsDefault]) VALUES (144, 23, N'/Uploads/images/Products/Iphone15/iphone-15-pro-max-blue-titan-5-650x650.png', 1)
INSERT [dbo].[tb_ProductDetailImage] ([ProductImageId], [ProductDetailId], [Image], [IsDefault]) VALUES (145, 23, N'/Uploads/images/Products/Iphone15/iphone-15-pro-max-blue-titan-6-650x650.png', 1)
INSERT [dbo].[tb_ProductDetailImage] ([ProductImageId], [ProductDetailId], [Image], [IsDefault]) VALUES (146, 23, N'/Uploads/images/Products/Iphone15/iphone-15-pro-max-blue-titan-8-650x650.png', 1)
INSERT [dbo].[tb_ProductDetailImage] ([ProductImageId], [ProductDetailId], [Image], [IsDefault]) VALUES (147, 23, N'/Uploads/images/Products/Iphone15/iphone-15-pro-max-blue-titan-10-650x650.png', 1)
SET IDENTITY_INSERT [dbo].[tb_ProductDetailImage] OFF
GO
SET IDENTITY_INSERT [dbo].[tb_Cart] ON 

INSERT [dbo].[tb_Cart] ([CartId], [IdKhachHang]) VALUES (1, 1)
SET IDENTITY_INSERT [dbo].[tb_Cart] OFF
GO
INSERT [dbo].[tb_Role] ([StaffId], [FunctionId], [Note]) VALUES (1, 1, N'Admin')
INSERT [dbo].[tb_Role] ([StaffId], [FunctionId], [Note]) VALUES (2, 1, N'Admin')
INSERT [dbo].[tb_Role] ([StaffId], [FunctionId], [Note]) VALUES (3, 1, N'Admin')
GO
